藏文	汉译	频次	出处	已入主表
རང་བཞིན	自性	288	宝性论大疏、极广胜乘中观决定	是
སེམས་ཅན	有情	260	宝性论大疏、极广胜乘中观决定	是
ཐམས་ཅད	一切	224	宝性论大疏、极广胜乘中观决定	是
ཡོན་ཏན	功德	223	宝性论大疏、极广胜乘中观决定	是
དོན་དམ	胜义	152	宝性论大疏、极广胜乘中观决定	是
ཁྱད་པར	差别	124	宝性论大疏、极广胜乘中观决定	是
ཉོན་མོངས	烦恼	115	宝性论大疏、极广胜乘中观决定	是
དེ་བཞིན་ཉིད	真如	113	宝性论大疏、极广胜乘中观决定	是
དེ་བཞིན	如是	113	宝性论大疏、极广胜乘中观决定	是
དེ་ལྟར	如是	111	宝性论大疏、极广胜乘中观决定	是
དེ་དག	彼等	104	宝性论大疏、极广胜乘中观决定	是
མཐར་ཐུག	究竟	100	宝性论大疏、极广胜乘中观决定	是
གང་ཟག	补特伽罗	96	宝性论大疏、极广胜乘中观决定	是
དག་པ	清净	96	宝性论大疏	是
བྱང་ཆུབ་སེམས་དཔའ	菩萨	92	宝性论大疏、极广胜乘中观决定	是
བྱང་ཆུབ	菩提	79	宝性论大疏、极广胜乘中观决定	是
ཐེག་པ	大乘	79	宝性论大疏、极广胜乘中观决定	是
བག་ཆགས	习气	74	宝性论大疏、极广胜乘中观决定	是
འཇིག་རྟེན	世间	70	宝性论大疏、极广胜乘中观决定	是
ཉན་ཐོས	声闻	68	宝性论大疏、极广胜乘中观决定	是
ཀུན་རྫོབ	世俗	65	宝性论大疏、极广胜乘中观决定	是
ས་བོན	种子	65	宝性论大疏、极广胜乘中观决定	是
བཅོམ་ལྡན་འདས	世尊	64	宝性论大疏	是
འཕྲིན་ལས	事业	63	宝性论大疏、极广胜乘中观决定	是
འཁོར་བ	生死	56	宝性论大疏、极广胜乘中观决定	是
དེ་བཞིན་གཤེགས་པའི་སྙིང་པོ	如来藏	54	宝性论大疏、极广胜乘中观决定	是
མཐའ་དག	一切	53	宝性论大疏、极广胜乘中观决定	是
ནམ་མཁའ	虚空	53	宝性论大疏、极广胜乘中观决定	是
ཉོན་མོངས་པ	烦恼	52	宝性论大疏、极广胜乘中观决定	是
དེ་བཞིན་གཤེགས་པ	如来	50	宝性论大疏、极广胜乘中观决定	是
ཤེས་བྱ	所知	49	宝性论大疏、极广胜乘中观决定	是
ཐར་པ	解脱	49	宝性论大疏	是
མཚན་ཉིད	性相	46	宝性论大疏、极广胜乘中观决定	是
སྟོང་པ་ཉིད	空性	46	宝性论大疏、极广胜乘中观决定	是
མཐར་ཐུག་པ	究竟	46	宝性论大疏、极广胜乘中观决定	是
མོས་པ	胜解	46	宝性论大疏	是
སྣ་ཚོགས	种种	45	宝性论大疏、极广胜乘中观决定	是
ཡང་དག་པར་རྫོགས་པའི་སངས་རྒྱས	正等觉	45	宝性论大疏	是
ཆོས་ཉིད	法性	44	宝性论大疏、极广胜乘中观决定	是
སྟོང་པ	自性空	44	宝性论大疏、极广胜乘中观决定	是
རང་རྒྱུད	自相续	43	宝性论大疏、极广胜乘中观决定	是
དེ་ཉིད	自性	42	宝性论大疏、极广胜乘中观决定	是
ཡོངས་སུ	一切	40	宝性论大疏、极广胜乘中观决定	是
ངོ་བོ	体性	40	宝性论大疏、极广胜乘中观决定	是
དེས་ན	因此	39	宝性论大疏、极广胜乘中观决定	是
བདག་མེད	无我	38	宝性论大疏、极广胜乘中观决定	是
དབྱེ་བ	差别	38	宝性论大疏、极广胜乘中观决定	是
ཆོས་སྐུ	法身	38	宝性论大疏、极广胜乘中观决定	是
དམིགས་པ	所缘	38	宝性论大疏、极广胜乘中观决定	是
དཀོན་མཆོག་གསུམ	三宝	37	宝性论大疏	是
རང་སངས་རྒྱས	独觉	37	宝性论大疏	是
ཐེག་པ་ཆེན་པོ	大乘	36	宝性论大疏	是
སྣང་བ	显现	35	宝性论大疏、极广胜乘中观决定	是
གཉིས་པ	第二	35	宝性论大疏、极广胜乘中观决定	是
ཡེ་ཤེས	智慧	35	宝性论大疏、极广胜乘中观决定	是
རྣམ་པར་རྟོག་པ	分别	35	宝性论大疏、极广胜乘中观决定	是
དོན་དམ	真实	34	宝性论大疏、极广胜乘中观决定	是
འདུས་མ་བྱས	无为	34	宝性论大疏、极广胜乘中观决定	是
ཤེས་སྒྲིབ	所知障	34	宝性论大疏、极广胜乘中观决定	是
བདེན་འཛིན	实执	34	宝性论大疏	是
ངོ་བོ	自性	33	宝性论大疏、极广胜乘中观决定	是
གོ་རིམ	次第	33	宝性论大疏、极广胜乘中观决定	是
ཇི་ལྟ་བ	如所有	33	宝性论大疏、极广胜乘中观决定	是
རྣམ་སྨིན	异熟	32	宝性论大疏、极广胜乘中观决定	是
ཆོས་ཐམས་ཅད	一切法	32	宝性论大疏、极广胜乘中观决定	是
ཇི་སྙེད་པ	尽所有	32	宝性论大疏、极广胜乘中观决定	是
དམ་པའི་ཆོས	正法	32	宝性论大疏	是
སྦྱར་བ	配合	32	宝性论大疏	是
རང་བཞིན་རྣམ་དག	自性清净	32	宝性论大疏	是
དེ་ཡང	此亦	31	宝性论大疏、极广胜乘中观决定	是
བསམ་གྱིས་མི་ཁྱབ	不可思议	31	宝性论大疏、极广胜乘中观决定	是
མཛད་པ	事业	30	宝性论大疏、极广胜乘中观决定	是
ངེས་པར	决定	30	宝性论大疏、极广胜乘中观决定	是
ཡན་ལག	支分	30	宝性论大疏、极广胜乘中观决定	是
ཏིང་ངེ་འཛིན	三摩地	30	宝性论大疏、极广胜乘中观决定	是
གཉེན་པོ	对治	30	宝性论大疏、极广胜乘中观决定	是
མདོར་བསྟན་པ	略标	30	宝性论大疏	是
ངེས་པ	决定	29	宝性论大疏、极广胜乘中观决定	是
རྣམ་རྟོག	分别	29	宝性论大疏、极广胜乘中观决定	是
རྒྱུ་འབྲས	因果	28	宝性论大疏、极广胜乘中观决定	是
གསུམ་པ	第三	28	宝性论大疏、极广胜乘中观决定	是
ཕྲ་མོ	微细	28	宝性论大疏、极广胜乘中观决定	是
ཞེ་ན	若谓	28	宝性论大疏	是
གློ་བུར་གྱི་དྲི་མ	客尘	28	宝性论大疏	是
རྟེན་འབྲེལ	缘起	27	宝性论大疏、极广胜乘中观决定	是
གཟུགས་བརྙན	影像	27	宝性论大疏、极广胜乘中观决定	是
རྒྱུ་མཚན	原由	27	宝性论大疏	是
རྒྱུན་མི་འཆད	相续不断	27	宝性论大疏	是
ཡང་དག	真实	26	宝性论大疏、极广胜乘中观决定	是
རྣམ་པ	差别	26	宝性论大疏、极广胜乘中观决定	是
རིམ་པ	次第	26	宝性论大疏、极广胜乘中观决定	是
ཆོས་ཉིད	自性	25	宝性论大疏、极广胜乘中观决定	是
ངོ་བོ་ཉིད	自性	25	宝性论大疏、极广胜乘中观决定	是
ཇི་ལྟར	如何	25	宝性论大疏、极广胜乘中观决定	是
སྤྱོད་ཡུལ	行境	25	宝性论大疏、极广胜乘中观决定	是
རྣམ་གཞག	建立	25	宝性论大疏	是
མྱང་འདས	涅槃	25	宝性论大疏	是
འཁོར་ལོ	法轮	24	宝性论大疏	是
ཀུན་ཏུ	一切	23	宝性论大疏、极广胜乘中观决定	是
ཉེས་པ	过失	23	宝性论大疏、极广胜乘中观决定	是
འགྲོ་བ	众生	23	宝性论大疏、极广胜乘中观决定	是
འགལ་བ	相违	23	宝性论大疏、极广胜乘中观决定	是
ཀུན་གཞི	阿赖耶识	23	宝性论大疏、极广胜乘中观决定	是
ཕ་རོལ་ཏུ་ཕྱིན་པ	波罗蜜多	23	宝性论大疏	是
ཐམས་ཅད	所有	22	宝性论大疏、极广胜乘中观决定	是
དབྱེར་མེད	无别	22	宝性论大疏、极广胜乘中观决定	是
ཇི་ལྟ་བ་བཞིན	如实	22	宝性论大疏	是
རིམ་པ་བཞིན	依次	22	宝性论大疏	是
སྟོན་པ	大师	22	宝性论大疏	是
མི་རྟག་པ	无常	21	宝性论大疏、极广胜乘中观决定	是
ཟག་པ	烦恼	21	宝性论大疏、极广胜乘中观决定	是
བདེན་པ	真实	21	宝性论大疏、极广胜乘中观决定	是
མཐར་ཕྱིན	究竟	21	宝性论大疏、极广胜乘中观决定	是
བརྒྱ་བྱིན	帝释	21	宝性论大疏、极广胜乘中观决定	是
རིམ་གྱིས	渐次	21	宝性论大疏	是
དགྲ་བཅོམ་པ	阿罗汉	21	宝性论大疏	是
དང་པོ	第一	20	宝性论大疏、极广胜乘中观决定	是
ལོངས་སྤྱོད	受用	20	宝性论大疏、极广胜乘中观决定	是
ཐེག་པ	小乘	20	宝性论大疏、极广胜乘中观决定	是
གང་ཞེ་ན	云何	20	宝性论大疏、极广胜乘中观决定	是
ཕུན་སུམ་ཚོགས་པ	圆满	20	宝性论大疏	是
ས་བཅུ	十地	20	宝性论大疏	是
རྟོགས་པ	通达	20	宝性论大疏	是
ཀུན་སློང	等起	20	宝性论大疏	是
ཉོན་མོངས	杂染	20	宝性论大疏	是
ངེས་དོན	了义	19	宝性论大疏、极广胜乘中观决定	是
སྤྲོས་པ	戏论	19	宝性论大疏、极广胜乘中观决定	是
རྒྱུ་རྐྱེན	因缘	19	宝性论大疏、极广胜乘中观决定	是
འཕགས་པ	圣者	19	宝性论大疏、极广胜乘中观决定	是
རྡོ་རྗེ	金刚	19	宝性论大疏	是
ཚུལ་བཞིན	如理	18	宝性论大疏、极广胜乘中观决定	是
སྐད་ཅིག	刹那	18	宝性论大疏、极广胜乘中观决定	是
གཞན་དབང	依他起	18	宝性论大疏、极广胜乘中观决定	是
ཉེས་དམིགས	过患	18	宝性论大疏、极广胜乘中观决定	是
མེད་པ	无有	18	宝性论大疏、极广胜乘中观决定	是
མངོན་སུམ་དུ	现前	18	宝性论大疏、极广胜乘中观决定	是
གཟུགས་སྐུ	色身	18	宝性论大疏、极广胜乘中观决定	是
སོ་སོ་སྐྱེ་བོ	异生	18	宝性论大疏	是
སྤྲོས་བྲལ	离戏	17	宝性论大疏、极广胜乘中观决定	是
འདུས་བྱས	有为	17	宝性论大疏、极广胜乘中观决定	是
ཆོས་ཅན	有法	17	宝性论大疏、极广胜乘中观决定	是
ཡིད་བྱེད	作意	17	宝性论大疏、极广胜乘中观决定	是
དབང་ཕྱུག	自在	17	宝性论大疏、极广胜乘中观决定	是
ཇི་སྲིད	乃至	17	宝性论大疏、极广胜乘中观决定	是
རྟོག་པ	分别	17	宝性论大疏、极广胜乘中观决定	是
ཉོན་སྒྲིབ	烦恼障	17	宝性论大疏、极广胜乘中观决定	是
ཉོན་མོངས	烦恼障	17	宝性论大疏	是
ཡིད་བཞིན	如意	17	宝性论大疏	是
རྣམ་གྲངས	异门	16	宝性论大疏、极广胜乘中观决定	是
གྲོལ་བ	解脱	16	宝性论大疏、极广胜乘中观决定	是
སྙིང་རྗེ	悲心	16	宝性论大疏、极广胜乘中观决定	是
བག་ལ་ཉལ	随眠	16	宝性论大疏、极广胜乘中观决定	是
བྱང་ཆུབ	圆满	16	宝性论大疏、极广胜乘中观决定	是
ཐེག་པ་གསུམ	三乘	16	宝性论大疏	是
འཇིགས་པ	怖畏	16	宝性论大疏	是
ཆོས་དཀོན་མཆོག	法宝	16	宝性论大疏	是
ལོངས་སྤྱོད་རྫོགས་པའི་སྐུ	圆满受用身	16	宝性论大疏	是
མི་སྲིད	不可能	15	极广胜乘中观决定	是
གནས་སྐབས	分位	15	宝性论大疏、极广胜乘中观决定	是
ཐ་སྙད	名言	15	宝性论大疏、极广胜乘中观决定	是
བདག་ཉིད	自性	15	宝性论大疏、极广胜乘中观决定	是
རྗེ་བཙུན	至尊	15	宝性论大疏、极广胜乘中观决定	是
རིགས་འདྲ	同类	15	宝性论大疏、极广胜乘中观决定	是
དྲང་དོན	不了义	15	宝性论大疏、极广胜乘中观决定	是
སངས་རྒྱས་དཀོན་མཆོག	佛宝	15	宝性论大疏	是
དགེ་འདུན་དཀོན་མཆོག	僧宝	15	宝性论大疏	是
རང་དོན	自利	15	宝性论大疏	是
བདེན་སྟོང	谛实空	15	宝性论大疏	是
འཕགས་པ	菩萨圣者	15	宝性论大疏	是
སྐྱོན་མེད	无过	14	宝性论大疏、极广胜乘中观决定	是
མ་ལུས་པ	一切	14	宝性论大疏、极广胜乘中观决定	是
ཀུན་རྫོབ	俗谛	14	宝性论大疏、极广胜乘中观决定	是
བྱིས་པ	愚夫	14	宝性论大疏、极广胜乘中观决定	是
ཐུགས་རྗེ་ཆེན་པོ	大悲	14	宝性论大疏、极广胜乘中观决定	是
མྱ་ངན་ལས་འདས	涅槃	14	宝性论大疏	是
དེ་ནས	复次	14	宝性论大疏	是
དྲི་མ་མེད་པ	无垢	14	宝性论大疏	是
གློ་བུར་རྣམ་དག	客尘清净	14	宝性论大疏	是
ཐུགས་རྒྱུད	心相续	14	宝性论大疏	是
འཁོར་བའི་སྡུག་བསྔལ	生死苦	14	宝性论大疏	是
རྣམ་གྲོལ	解脱	14	宝性论大疏	是
དབུ་མ	中观	13	宝性论大疏、极广胜乘中观决定	是
འགོག་བདེན	灭谛	13	宝性论大疏、极广胜乘中观决定	是
རང་བཞིན	本性	13	宝性论大疏、极广胜乘中观决定	是
དེ་ཡང	彼亦	13	宝性论大疏、极广胜乘中观决定	是
ཞི་བ	寂静	13	宝性论大疏、极广胜乘中观决定	是
མ་ལུས	无余	13	宝性论大疏、极广胜乘中观决定	是
ཉོན་མོངས	染污	13	宝性论大疏、极广胜乘中观决定	是
ཐ་མ	最后	13	宝性论大疏、极广胜乘中观决定	是
དག་པ	无垢	13	宝性论大疏、极广胜乘中观决定	是
ལྟོས་པ	观待	13	宝性论大疏、极广胜乘中观决定	是
རང་བྱུང	自生	13	宝性论大疏、极广胜乘中观决定	是
ཆོས་ཀྱི་བདག་མེད	法无我	13	宝性论大疏、极广胜乘中观决定	是
བདེན་གཉིས	二谛	13	宝性论大疏、极广胜乘中观决定	是
སྐུ་གསུམ	三身	13	宝性论大疏、极广胜乘中观决定	是
སྤང་བྱ	所断	13	宝性论大疏、极广胜乘中观决定	是
ཐུགས་རྗེ	大悲	13	宝性论大疏、极广胜乘中观决定	是
ཤེར་ཕྱིན	般若	13	宝性论大疏、极广胜乘中观决定	是
ཐོག་མ་མེད་པ	无始	13	宝性论大疏	是
དཔེར་ན	譬如	13	宝性论大疏	是
ཤེས་རབ	般若	13	宝性论大疏	是
མ་ལུས་པ	无余	13	宝性论大疏	是
རྩ་བ	根本	12	宝性论大疏、极广胜乘中观决定	是
རྣལ་འབྱོར	瑜伽	12	宝性论大疏、极广胜乘中观决定	是
བྱ་བ	所作	12	宝性论大疏、极广胜乘中观决定	是
རྫོགས་པ	圆满	12	宝性论大疏、极广胜乘中观决定	是
ཡོད་མེད	有无	12	宝性论大疏、极广胜乘中观决定	是
གཙོ་བོ	主要	12	宝性论大疏、极广胜乘中观决定	是
ཕུན་ཚོགས	圆满	12	宝性论大疏、极广胜乘中观决定	是
བསམ་གཏན	静虑	12	宝性论大疏、极广胜乘中观决定	是
སྤྲུལ་པའི་སྐུ	化身	12	宝性论大疏、极广胜乘中观决定	是
ཆོས་ཉིད	自性空	12	宝性论大疏	是
ཡིད་ལ་བྱེད་པ	作意	12	宝性论大疏	是
མཐའ་དག	所有	12	宝性论大疏	是
སྒོམ་སྤང	修所断	12	宝性论大疏	是
མངོན་མཐོ	增上生	12	宝性论大疏	是
ཕན་ཡོན	胜利	12	宝性论大疏	是
ཟག་པ	有漏	12	宝性论大疏	是
དང་ལྡན་པ	相应	12	宝性论大疏	是
མཚན་གཞི	所相	11	宝性论大疏、极广胜乘中观决定	是
མུ་སྟེགས	外道	11	宝性论大疏、极广胜乘中观决定	是
རྣམ་བྱང	清净	11	宝性论大疏、极广胜乘中观决定	是
ཆོས་དབྱིངས	法界	11	宝性论大疏、极广胜乘中观决定	是
བདག་མེད་གཉིས	二无我	11	宝性论大疏、极广胜乘中观决定	是
ཀུན་བརྟགས	圆成实	11	宝性论大疏、极广胜乘中观决定	是
ལོག་པ	颠倒	11	宝性论大疏、极广胜乘中观决定	是
གསུམ་པོ	三者	11	宝性论大疏、极广胜乘中观决定	是
ཉོན་མོངས་པ	杂染	11	宝性论大疏、极广胜乘中观决定	是
དེ་བཞིན	如彼	11	宝性论大疏、极广胜乘中观决定	是
མཐའ་གཉིས	二边	11	宝性论大疏、极广胜乘中观决定	是
བཅོ་བརྒྱད	十八	11	宝性论大疏、极广胜乘中观决定	是
མཉམ་པ	平等	11	宝性论大疏、极广胜乘中观决定	是
མན་ཆད	以下	11	宝性论大疏、极广胜乘中观决定	是
ཚོགས་གཉིས	二资粮	11	宝性论大疏、极广胜乘中观决定	是
འཕགས་པ	独觉圣者	11	宝性论大疏	是
འོད་ཟེར	光明	11	宝性论大疏	是
དྲུག་ཅུ	六十	11	宝性论大疏	是
དོན་གཉེར	希求	11	宝性论大疏	是
ཐོབ་བྱེད	能得	11	宝性论大疏	是
མཐོང་ལམ	见道	11	宝性论大疏	是
བདེན་གྲུབ	实有	11	宝性论大疏	是
སྒྲུབ་བྱེད	能立	11	宝性论大疏	是
གོམས་པ	串习	11	宝性论大疏	是
མཁྱེན་པའི་སྟོབས	智力	11	宝性论大疏	是
ཐེག་ཆེན	大乘	10	宝性论大疏、极广胜乘中观决定	是
དུག་གསུམ	三毒	10	宝性论大疏、极广胜乘中观决定	是
བརྩོན་འགྲུས	精进	10	宝性论大疏、极广胜乘中观决定	是
བཞི་པ	第四	10	宝性论大疏、极广胜乘中观决定	是
རང་ཉིད	自性	10	宝性论大疏、极广胜乘中观决定	是
དང་པོ	先前	10	宝性论大疏、极广胜乘中观决定	是
ཆོས་ཀྱི་བདག	法我	10	宝性论大疏、极广胜乘中观决定	是
གྲུབ་པ	成就	10	宝性论大疏、极广胜乘中观决定	是
ཁམས་གསུམ	三界	10	宝性论大疏、极广胜乘中观决定	是
དེ་བཞིན	如实	10	宝性论大疏、极广胜乘中观决定	是
རྒྱ་ཆེན་པོ	广大	10	宝性论大疏	是
ཐུབ་པ	能仁	10	宝性论大疏	是
དོན་བསྡུས	摄义	10	宝性论大疏	是
དོན་དམ་བདེན་པ	胜义谛	10	宝性论大疏	是
མཐོང་སྤང	见所断	10	宝性论大疏	是
བསྟན་པ	说法	10	宝性论大疏	是
ཟད་པར	一切	10	宝性论大疏	是
ནམ་མཁའི་ཁམས	虚空界	10	宝性论大疏	是
སྐྱེ་འཆི	生死	10	宝性论大疏	是
ཐོགས་མེད	无著	9	宝性论大疏、极广胜乘中观决定	是
གཉིས་ཀ	二者	9	宝性论大疏、极广胜乘中观决定	是
བདེན་པ་གཉིས	二谛	9	宝性论大疏、极广胜乘中观决定	是
དེ་ཕྱིར	是故	9	极广胜乘中观决定	是
རྣམ་དག	清净	9	宝性论大疏、极广胜乘中观决定	是
མི་ཟད	无尽	9	宝性论大疏、极广胜乘中观决定	是
སེམས་ཅན	众生	9	宝性论大疏、极广胜乘中观决定	是
དབྱེར་མེད	无差别	9	宝性论大疏、极广胜乘中观决定	是
མཉམ་ཉིད	平等性	9	宝性论大疏、极广胜乘中观决定	是
ཇི་བཞིན	如实	9	宝性论大疏、极广胜乘中观决定	是
མ་རིག་པ	无明	9	宝性论大疏、极广胜乘中观决定	是
ཏིང་འཛིན	三摩地	9	极广胜乘中观决定	是
སྟོབས་བཅུ	十力	9	宝性论大疏、极广胜乘中观决定	是
ཡན་ཆད	以上	9	宝性论大疏	是
བཤད་པ	解释	9	宝性论大疏	是
སྦྱོང་བྱེད	能净	9	宝性论大疏	是
སོ་སྐྱེ	异生	9	宝性论大疏	是
ཐམས་ཅད་མཁྱེན་པ	一切智	9	宝性论大疏	是
བྱང་ཆུབ་ཀྱི་སེམས	菩提心	9	宝性论大疏	是
གང་ཟག་གི་བདག	补特伽罗我	9	宝性论大疏	是
བདག་མེད་པ	无我	9	宝性论大疏	是
དོན་དུ	以此	9	宝性论大疏	是
འོད་གསལ་བ	清净	9	宝性论大疏	是
སྐུ་གསུམ	法身	9	宝性论大疏	是
རྫོགས་པའི་སངས་རྒྱས	等觉	9	宝性论大疏	是
སྲིད་ཞི	有寂	9	宝性论大疏	是
བསོད་ནམས་ཀྱི་ཚོགས	福德资粮	9	宝性论大疏	是
ལུང་བསྟན	授记	8	宝性论大疏、极广胜乘中观决定	是
སྐྱེ་འགག	生灭	8	宝性论大疏、极广胜乘中观决定	是
རྣམ་པ	不同	8	宝性论大疏、极广胜乘中观决定	是
དངོས་པོ	真实	8	宝性论大疏、极广胜乘中观决定	是
ཡོད་པ	实有	8	宝性论大疏、极广胜乘中观决定	是
ལུས་ཅན	有情	8	宝性论大疏、极广胜乘中观决定	是
འདས་པ	涅槃	8	宝性论大疏、极广胜乘中观决定	是
མཐའ་ཡས	无边	8	宝性论大疏、极广胜乘中观决定	是
འབྱུང་བ	生起	8	宝性论大疏、极广胜乘中观决定	是
མ་ཐག་ཏུ	无间	8	宝性论大疏、极广胜乘中观决定	是
དུས་མཉམ	同时	8	宝性论大疏、极广胜乘中观决定	是
དོན་དམ་པ	胜义	8	宝性论大疏、极广胜乘中观决定	是
བྲལ་བ	离系	8	宝性论大疏、极广胜乘中观决定	是
འོད་གསལ	光明	8	宝性论大疏、极广胜乘中观决定	是
བརྒྱད་པ	第八	8	宝性论大疏、极广胜乘中观决定	是
བྱེ་བ	俱胝	8	宝性论大疏、极广胜乘中观决定	是
བླ་ན་མེད་པ	无上	8	宝性论大疏、极广胜乘中观决定	是
སློབ་པ	有学	8	宝性论大疏、极广胜乘中观决定	是
ལམ་གྱི་བདེན་པ	道谛	8	宝性论大疏、极广胜乘中观决定	是
ཐོས་བསམ	闻思	8	宝性论大疏、极广胜乘中观决定	是
བདེན་པ	谛实	8	宝性论大疏	是
བླ་ན་མེད་པ	无上正等觉	8	宝性论大疏	是
མདོར་བསྡུས་ན	简言之	8	宝性论大疏	是
སྦྱོར་བ	加行	8	宝性论大疏	是
འབྱུང་བ	出生	8	宝性论大疏	是
དེ་བཞིན	如此	8	宝性论大疏	是
དགག་བྱ	所破	8	宝性论大疏	是
བྱེད་པ	事业	8	宝性论大疏	是
ཐུགས་རྗེ	悲心	8	宝性论大疏	是
དང་པོ	根本	8	宝性论大疏	是
ས་གཞི	地基	8	宝性论大疏	是
འགོག་པའི་བདེན་པ	灭谛	8	宝性论大疏	是
འབྲེལ་བ	相属	8	宝性论大疏	是
ཤེས་རབ	智慧	8	宝性论大疏	是
སྦྲང་རྩི	蜂蜜	8	宝性论大疏	是
དྲང་སྲོང	仙人	8	宝性论大疏	是
བར་ཆད་མེད་ལམ	无间道	8	宝性论大疏	是
རང་རང	各自	7	宝性论大疏、极广胜乘中观决定	是
ཐུན་མོང	共同	7	宝性论大疏、极广胜乘中观决定	是
དུས་གསུམ	三时	7	宝性论大疏、极广胜乘中观决定	是
རང་གཞན	自他	7	宝性论大疏、极广胜乘中观决定	是
ཁྱད་ཆོས	差别	7	宝性论大疏、极广胜乘中观决定	是
རྣམ་གཞག	安立	7	宝性论大疏、极广胜乘中观决定	是
ཆེ་ཆུང	大小	7	宝性论大疏、极广胜乘中观决定	是
སྲིད་པ་གསུམ	三有	7	宝性论大疏、极广胜乘中观决定	是
སྐྱེད་བྱེད	能生	7	宝性论大疏、极广胜乘中观决定	是
ལྔ་པ	第五	7	宝性论大疏、极广胜乘中观决定	是
རྟོགས་པ	证悟	7	宝性论大疏、极广胜乘中观决定	是
རྟག་པ	不变	7	宝性论大疏、极广胜乘中观决定	是
དྲུག་པ	第六	7	宝性论大疏、极广胜乘中观决定	是
འཇིག་ཚོགས	坏聚	7	宝性论大疏、极广胜乘中观决定	是
བདག་མེད	法无我	7	宝性论大疏、极广胜乘中观决定	是
རང་གི་ངོ་བོ	自性	7	宝性论大疏、极广胜乘中观决定	是
དེ་བཞིན་ཉིད	空性	7	宝性论大疏、极广胜乘中观决定	是
འདྲ་བ	相似	7	宝性论大疏、极广胜乘中观决定	是
ཡང་དག་པ	真实	7	宝性论大疏、极广胜乘中观决定	是
དབང་བསྐུར	灌顶	7	宝性论大疏、极广胜乘中观决定	是
ལྷན་སྐྱེས	俱生	7	宝性论大疏、极广胜乘中观决定	是
ཕུན་སུམ་ཚོགས	圆满	7	宝性论大疏	是
སྐྱེ་བོ	异生	7	宝性论大疏	是
སྣང་བ	光明	7	宝性论大疏	是
མཁས་པ	智者	7	宝性论大疏	是
དོན་གཉིས	二利	7	宝性论大疏	是
ཤེས་བྱེད	能立	7	宝性论大疏	是
གཟུགས་མེད	无色	7	宝性论大疏	是
བསྟན་པ	世间	7	宝性论大疏	是
ཇི་སྐད	如是	7	宝性论大疏	是
ཡང་དག་པ	如实	7	宝性论大疏	是
གཉི་ག	二者	7	宝性论大疏	是
ཉི་མའི་དཀྱིལ་འཁོར	日轮	7	宝性论大疏	是
ཚུལ་མིན	非理作意	7	宝性论大疏	是
ཡེ་ཤེས་གཉིས	二智	7	宝性论大疏	是
བསམ་གྱིས་མི་ཁྱབ་པ	不可思议	7	宝性论大疏	是
ཀུན་ནས་ཉོན་མོངས་པ	杂染	7	宝性论大疏	是
སྤྲུལ་པ	变化	7	宝性论大疏	是
མཐའ་ཡས་པ	无边	7	宝性论大疏	是
སྐྱེ་བ་ལེན་པ	受生	7	宝性论大疏	是
བྱང་ཆུབ་ཆེན་པོ	大菩提	7	宝性论大疏	是
རྒྱལ་བ	胜者	6	宝性论大疏、极广胜乘中观决定	是
འཁྲུལ་བ	错乱	6	宝性论大疏、极广胜乘中观决定	是
བསོད་ནམས	福德	6	宝性论大疏、极广胜乘中观决定	是
བདེ་གཤེགས་སྙིང་པོ	如来藏	6	宝性论大疏、极广胜乘中观决定	是
འགྱུར་མེད	不变	6	宝性论大疏、极广胜乘中观决定	是
སྐུ་གཉིས	二身	6	宝性论大疏、极广胜乘中观决定	是
དངོས་པོ	实有	6	宝性论大疏、极广胜乘中观决定	是
བརྗོད་བྱ	所诠	6	宝性论大疏、极广胜乘中观决定	是
ཟག་བཅས	有漏	6	宝性论大疏、极广胜乘中观决定	是
དེ་ཁོ་ན	真实	6	宝性论大疏、极广胜乘中观决定	是
སྐྱེ་བོ	众生	6	宝性论大疏、极广胜乘中观决定	是
ཕན་ཚུན	彼此	6	极广胜乘中观决定	是
མཚུངས་ལྡན	相应	6	宝性论大疏、极广胜乘中观决定	是
ཁོ་ན	真实	6	极广胜乘中观决定	是
བཅུ་གཉིས	十二	6	宝性论大疏、极广胜乘中观决定	是
ཡང་སྲིད	后有	6	宝性论大疏、极广胜乘中观决定	是
བྱེ་བྲག	差别	6	宝性论大疏、极广胜乘中观决定	是
སྒོམ་ལམ	修道	6	宝性论大疏、极广胜乘中观决定	是
ལྷུན་གྲུབ	任运	6	宝性论大疏、极广胜乘中观决定	是
གྲངས་མེད	无数	6	宝性论大疏、极广胜乘中观决定	是
རྗེས་ཐོབ	后得位	6	宝性论大疏、极广胜乘中观决定	是
ཇི་སྙེད	一切	6	宝性论大疏、极广胜乘中观决定	是
ཀླུ་སྒྲུབ	龙猛	6	宝性论大疏	是
ཚོགས་ལམ	资粮道	6	宝性论大疏	是
སྤྱོད་ཡུལ	所行	6	宝性论大疏	是
རྣམ་པར་མི་རྟོག་པའི་ཡེ་ཤེས	无分别智	6	宝性论大疏	是
ཉོན་མོངས་པའི་བག་ཆགས	烦恼习气	6	宝性论大疏	是
སྦྱོང་བ	净治	6	宝性论大疏	是
འོད་ཟེར	放光	6	宝性论大疏	是
ཆོས་ཀྱི་དབང་ཕྱུག	法自在	6	宝性论大疏	是
རིགས་ཀྱི་བུ	善男子	6	宝性论大疏	是
དགྲ་བཅོམ་པའི་འབྲས་བུ	阿罗汉果	6	宝性论大疏	是
སོ་སོ	分别	6	宝性论大疏	是
རྒྱ་ཆེ་བ	广大	6	宝性论大疏	是
གནས་སྐབས	暂时	6	宝性论大疏	是
ཡུལ་ཅན	有境	6	宝性论大疏	是
སྒྲིབ་གཉིས	二障	6	宝性论大疏	是
སྒོ་གསུམ	三门	6	宝性论大疏	是
གང་ཡིན	所有	6	宝性论大疏	是
གུས་པ	恭敬	6	宝性论大疏	是
ཉན་ཐོས་ཀྱི་ཐེག་པ	声闻乘	6	宝性论大疏	是
སྔ་ཕྱི	前后	6	宝性论大疏	是
ཆོས་ཉིད	空性	6	宝性论大疏	是
ཕ་རོལ་ཏུ་ཕྱིན་པ	般若波罗蜜多	6	宝性论大疏	是
འཚང་རྒྱ་བ	成佛	6	宝性论大疏	是
དྲང་སྲོང་ཆེན་པོ	大仙	6	宝性论大疏	是
འཁོར་ལོས་བསྒྱུར་བ	转轮王	6	宝性论大疏	是
ལྷའི་མིག	天眼	6	宝性论大疏	是
རྡུལ་ཕྲ་རབ	极微尘	6	宝性论大疏	是
དགོས་པ	需要	6	宝性论大疏	是
དགེ་བའི་ལས	善业	6	宝性论大疏	是
ལམ་འབྲས	道果	5	宝性论大疏、极广胜乘中观决定	是
དཔག་མེད	无量	5	极广胜乘中观决定	是
བླང་དོར	取舍	5	宝性论大疏、极广胜乘中观决定	是
མི་འགྱུར་བ	不变	5	宝性论大疏、极广胜乘中观决定	是
ལུང་མ་བསྟན	无记	5	极广胜乘中观决定	是
དེ་ལས	从彼	5	宝性论大疏、极广胜乘中观决定	是
ཉི་ཤུ	二十	5	宝性论大疏、极广胜乘中观决定	是
ཀུན་འབྱུང	烦恼	5	宝性论大疏、极广胜乘中观决定	是
སྐྱེས་བུ	丈夫	5	宝性论大疏、极广胜乘中观决定	是
མངོན་ཤེས	神通	5	极广胜乘中观决定	是
སློབ་དཔོན	阿阇黎	5	极广胜乘中观决定	是
འཁོར་བ	轮回	5	极广胜乘中观决定	是
རྣམ་པར་སྨིན་པ	异熟	5	宝性论大疏、极广胜乘中观决定	是
སྒྲུབ་བྱེད	能成	5	宝性论大疏、极广胜乘中观决定	是
དབང་ཤེས	根识	5	宝性论大疏、极广胜乘中观决定	是
ལས་འབྲས	业果	5	宝性论大疏、极广胜乘中观决定	是
བསམ་གཏན	禅定	5	极广胜乘中观决定	是
འབྲས་བུ	种子	5	宝性论大疏、极广胜乘中观决定	是
ཆོས་ལྔ	五法	5	宝性论大疏、极广胜乘中观决定	是
རྗེས་ཐོབ	后得	5	宝性论大疏、极广胜乘中观决定	是
ཀུན་བརྟགས	依他起	5	极广胜乘中观决定	是
ཀུན་རྫོབ་བདེན་པ	世俗谛	5	宝性论大疏、极广胜乘中观决定	是
ངན་འགྲོ	恶趣	5	宝性论大疏、极广胜乘中观决定	是
འཁྲུལ་བ	迷乱	5	极广胜乘中观决定	是
གཟུང་བ	所取	5	宝性论大疏、极广胜乘中观决定	是
འདུས་བྱས	有为法	5	宝性论大疏、极广胜乘中观决定	是
འོད་གསལ་བ	光明	5	宝性论大疏、极广胜乘中观决定	是
དབང་བསྒྱུར	自在	5	宝性论大疏、极广胜乘中观决定	是
ངེས་པ	真实	5	宝性论大疏、极广胜乘中观决定	是
འཁོར་གསུམ	三轮	5	宝性论大疏、极广胜乘中观决定	是
ལོག་ལྟ	邪见	5	宝性论大疏、极广胜乘中观决定	是
ཐོབ་པ	成就	5	宝性论大疏、极广胜乘中观决定	是
དེ་ལས	相反	5	宝性论大疏、极广胜乘中观决定	是
བརྗོད་པ	所说	5	宝性论大疏、极广胜乘中观决定	是
སེམས་བསྐྱེད	发心	5	宝性论大疏、极广胜乘中观决定	是
དམ་ཆོས	正法	5	宝性论大疏	是
དོན་དུ	为了	5	宝性论大疏	是
དགོངས་པ	深密	5	宝性论大疏	是
ཉན་ཐོས་ཀྱི་བྱང་ཆུབ	声闻菩提	5	宝性论大疏	是
ཐ་དད་པ	差别	5	宝性论大疏	是
རྒྱུ་གཉིས	二因	5	宝性论大疏	是
རྗེས་ཐོབ	后得智	5	宝性论大疏	是
རང་སྟོབས	自力	5	宝性论大疏	是
འདི་ནི	此乃	5	宝性论大疏	是
མངའ་བ	具有	5	宝性论大疏	是
འགྲུབ་པ	成就	5	宝性论大疏	是
ལྷན་ཅིག་བྱེད་རྐྱེན	俱有缘	5	宝性论大疏	是
བྱང་ཆུབ་ཀྱི་ཤིང	菩提树	5	宝性论大疏	是
དེ་ལྟ་ན	若尔	5	宝性论大疏	是
མི་གཙང་བ	不净	5	宝性论大疏	是
རིམ་པ་བཞིན	如其次第	5	宝性论大疏	是
མཚན་མ་མེད་པ	无相	5	宝性论大疏	是
གང་ཟག་གི་བདག་མེད	补特伽罗无我	5	宝性论大疏	是
འགལ་རྐྱེན	违缘	5	宝性论大疏	是
མི་འཇིགས་པ་བཞི	四无畏	5	宝性论大疏	是
མི་ལྡོག་པ	不退	5	宝性论大疏	是
ལྷུན་གྱིས་གྲུབ་པ	任运	5	宝性论大疏	是
རྟེན་འབྲེལ་ཡན་ལག་བཅུ་གཉིས	十二缘起支	5	宝性论大疏	是
འཇིག་རྟེན་ལས་འདས་པ	出世间	5	宝性论大疏	是
བྱ་བ	事业	5	宝性论大疏	是
ནུས་པ	功用	5	宝性论大疏	是
གནོད་པ	损害	5	宝性论大疏	是
དུས་མཉམ་དུ	同时	5	宝性论大疏	是
ཉན་ཐོས་འཕགས་པ	声闻圣者	5	宝性论大疏	是
བྱེད་ལས	作业	5	宝性论大疏	是
ཁྱིམ་བདག	长者	5	宝性论大疏	是
རྟོགས་པའི་ཆོས	证法	5	宝性论大疏	是
གསང་བ	秘密	5	宝性论大疏	是
གནས་འགྱུར	转依	5	宝性论大疏	是
ཇི་ལྟར	犹如	5	宝性论大疏	是
མུ་སྟེགས་པ	外道	5	宝性论大疏	是
ཐ་དད་པ	不同	5	宝性论大疏	是
སྐུར་འདེབས	损减	5	宝性论大疏	是
དགའ་ལྡན	喜足天	5	宝性论大疏	是
སྒྲ་བརྙན	回响	5	宝性论大疏	是
ཀུན་མཁྱེན	遍知	4	宝性论大疏、极广胜乘中观决定	是
བླ་མེད	无上	4	宝性论大疏、极广胜乘中观决定	是
ངེས་འབྱུང	出离	4	宝性论大疏、极广胜乘中观决定	是
མཚོན་བྱ	所表	4	极广胜乘中观决定	是
སྐྱེས་བུ	士夫	4	宝性论大疏、极广胜乘中观决定	是
དམྱལ་བ	地狱	4	宝性论大疏、极广胜乘中观决定	是
ཀུན་ཁྱབ	周遍	4	极广胜乘中观决定	是
མངོན་པར་གྲུབ་པ	成就	4	宝性论大疏、极广胜乘中观决定	是
རིག་པར་བྱ	所知	4	宝性论大疏、极广胜乘中观决定	是
འགྲོ་བ	世间	4	宝性论大疏、极广胜乘中观决定	是
རྒྱ་མཚོ	大海	4	宝性论大疏、极广胜乘中观决定	是
མཐའ་མེད	无边	4	宝性论大疏、极广胜乘中观决定	是
སྲིད་པའི་ཡན་ལག	有支	4	宝性论大疏、极广胜乘中观决定	是
དུས་གསུམ	三世	4	宝性论大疏、极广胜乘中观决定	是
མངོན་སུམ	现量	4	宝性论大疏、极广胜乘中观决定	是
ཡིད་ཤེས	意识	4	极广胜乘中观决定	是
ཐལ་འགྱུར	应成	4	宝性论大疏、极广胜乘中观决定	是
ཐོས་པ	听闻	4	宝性论大疏、极广胜乘中观决定	是
རྣམ་པ	行相	4	极广胜乘中观决定	是
གལ་ཏེ	倘若	4	宝性论大疏、极广胜乘中观决定	是
ཉེ་བའི་ཉོན་མོངས་པ	随烦恼	4	宝性论大疏、极广胜乘中观决定	是
གནས་ངན་ལེན	粗重	4	宝性论大疏、极广胜乘中观决定	是
རྣམ་གྲངས	异名	4	宝性论大疏、极广胜乘中观决定	是
ཀུན་རྟོག	遍计	4	极广胜乘中观决定	是
མཚན་ཉིད་གསུམ	三性	4	宝性论大疏、极广胜乘中观决定	是
དེ་ཉིད	本身	4	宝性论大疏、极广胜乘中观决定	是
དེ་དག	彼彼	4	宝性论大疏、极广胜乘中观决定	是
ཚོགས་དྲུག	六聚	4	宝性论大疏、极广胜乘中观决定	是
བྱེད་རྒྱུ	能作因	4	极广胜乘中观决定	是
བཅུ་བཞི	十四	4	宝性论大疏、极广胜乘中观决定	是
མི་མཐོང	不见	4	宝性论大疏、极广胜乘中观决定	是
ཆགས་བྲལ	离贪	4	宝性论大疏、极广胜乘中观决定	是
ཕྱི་ནང	内外	4	极广胜乘中观决定	是
མདོར་ན	总之	4	宝性论大疏、极广胜乘中观决定	是
མ་འོངས	未来	4	宝性论大疏、极广胜乘中观决定	是
ཡི་དྭགས	饿鬼	4	宝性论大疏、极广胜乘中观决定	是
གཙོ་བོ	自性	4	宝性论大疏、极广胜乘中观决定	是
མཐའ་བཞི	四边	4	宝性论大疏、极广胜乘中观决定	是
ཕྱི་མ	后后	4	宝性论大疏、极广胜乘中观决定	是
བདུན་པ	第七	4	宝性论大疏、极广胜乘中观决定	是
དེ་དང་དེ	彼彼	4	宝性论大疏、极广胜乘中观决定	是
ཆོས་དབྱིངས	自性	4	宝性论大疏、极广胜乘中观决定	是
ཆུ་ཟླ	水月	4	宝性论大疏、极广胜乘中观决定	是
མོས་པ	信解	4	宝性论大疏、极广胜乘中观决定	是
དཔག་ཏུ་མེད་པ	无量	4	宝性论大疏、极广胜乘中观决定	是
མོས་སྤྱོད	胜解行	4	极广胜乘中观决定	是
ཇི་སྙེད	所有	4	宝性论大疏、极广胜乘中观决定	是
དགུ་པ	第九	4	宝性论大疏、极广胜乘中观决定	是
བྱང་སེམས	菩萨	4	宝性论大疏、极广胜乘中观决定	是
དགེ་རྩ	善根	4	宝性论大疏、极广胜乘中观决定	是
གསལ་བ	显明	4	宝性论大疏、极广胜乘中观决定	是
རྡོ་རྗེ་ལྟ་བུའི་ཏིང་ངེ་འཛིན	金刚喻定	4	宝性论大疏、极广胜乘中观决定	是
ཡུན་རིང	长久	4	宝性论大疏、极广胜乘中观决定	是
དྲང་བའི་དོན	不了义	4	宝性论大疏	是
དོན་དམ་པ	解脱	4	宝性论大疏	是
སྐྱབས་འགྲོ	归依	4	宝性论大疏	是
སློབ་མ	弟子	4	宝性论大疏	是
དཀོན་མཆོག	法宝	4	宝性论大疏	是
བཞི་པོ	四者	4	宝性论大疏	是
སོ་སོ	不同	4	宝性论大疏	是
དེ་ལ་བརྟེན་ནས	由此	4	宝性论大疏	是
ཐོབ་པ	获得	4	宝性论大疏	是
འཇིག་རྟེན་ལས་འདས་པའི་ལམ	出世间道	4	宝性论大疏	是
ཐོག་མར	最初	4	宝性论大疏	是
རེ་ཤིག	暂时	4	宝性论大疏	是
ལྟ་ཅི་སྨོས	何况	4	宝性论大疏	是
ཉེར་ལེན་གྱི་རྒྱུ	近取因	4	宝性论大疏	是
བྱང་ཆུབ་སེམས་དཔའི་ས	菩萨地	4	宝性论大疏	是
ཚད་མེད	无量	4	宝性论大疏	是
རིགས་པ	应理	4	宝性论大疏	是
མི་འགལ་བ	不相违	4	宝性论大疏	是
གྲུབ་པ	圣者	4	宝性论大疏	是
ཕྲ་རགས	粗细	4	宝性论大疏	是
དགེ་བའི་ཆོས	善法	4	宝性论大疏	是
འགྲོ་བ	有情	4	宝性论大疏	是
ལྟ་བ	邪见	4	宝性论大疏	是
བྱ་བ	所谓	4	宝性论大疏	是
སྤངས་རྟོགས	断证	4	宝性论大疏	是
ཤེས་རབ	自相	4	宝性论大疏	是
ལོག་རྟོག	邪分别	4	宝性论大疏	是
དམ་བཅའ	立宗	4	宝性论大疏	是
འཇིག་རྟེན་ལས་འདས	圣者	4	宝性论大疏	是
འཕགས་པ	声闻圣者	4	宝性论大疏	是
ཐུན་མོང་མ་ཡིན་པ	不共	4	宝性论大疏	是
ཅིག་ཅར	同时	4	宝性论大疏	是
ཀུན་རྫོབ་བྱང་ཆུབ་ཀྱི་སེམས	世俗菩提心	4	宝性论大疏	是
རང་སངས་རྒྱས་ཀྱི་ཐེག་པ	独觉乘	4	宝性论大疏	是
བསྔོ་བ	回向	4	宝性论大疏	是
བསྟན་བཅོས	经论	4	宝性论大疏	是
ལུང་གི་ཆོས	教法	4	宝性论大疏	是
འདི་ལྟ་སྟེ	如是	4	宝性论大疏	是
སྤྱོད་པ	事业	4	宝性论大疏	是
གཤེགས་པ	如来	4	宝性论大疏	是
ལྡན་པ	相应	4	宝性论大疏	是
གང་དག	诸凡	4	宝性论大疏	是
ནམ་མཁའ་མཛོད	虚空藏	4	宝性论大疏	是
སྣོད་ཀྱི་འཇིག་རྟེན	器世间	4	宝性论大疏	是
སྨིན་པ	成熟	4	宝性论大疏	是
ཁྱད་པར་ཅན	殊胜	4	宝性论大疏	是
ཤེས་པ	知晓	4	宝性论大疏	是
གསེར་གྱི་གཟུགས	金像	4	宝性论大疏	是
ཟག་པ་ཟད་པ	漏尽	4	宝性论大疏	是
འཇིག་པའི་ཆོས	坏法	4	宝性论大疏	是
རང་གི་ངང	自然	4	宝性论大疏	是
འདོད་ཁམས	欲界	4	宝性论大疏	是
བྱང་ཆུབ་མཆོག	大菩提	4	宝性论大疏	是
རྫོགས་སོ	圆满	4	宝性论大疏	是
ཡབ་སྲས	父子	4	宝性论大疏	是
ཁྱབ་བདག	遍主	4	宝性论大疏	是
བག་མེད	放逸	4	宝性论大疏	是
ཕན་གནོད	损益	4	宝性论大疏	是
ཚུལ་ཁྲིམས	戒律	3	宝性论大疏、极广胜乘中观决定	是
ང་རྒྱལ	我慢	3	宝性论大疏、极广胜乘中观决定	是
ཀླུ་སྒྲུབ	龙树	3	极广胜乘中观决定	是
ཤིང་རྟ	大车	3	宝性论大疏、极广胜乘中观决定	是
སྒྲིབ་པ	障蔽	3	宝性论大疏、极广胜乘中观决定	是
རྟག་ཆད	常断	3	极广胜乘中观决定	是
བདག་གཞན	自他	3	宝性论大疏、极广胜乘中观决定	是
ཆོས་ཁམས	法界	3	宝性论大疏、极广胜乘中观决定	是
འདོད་ཆགས	贪欲	3	宝性论大疏、极广胜乘中观决定	是
འགྱུར་བ	变化	3	宝性论大疏、极广胜乘中观决定	是
རྗོད་བྱེད	能诠	3	宝性论大疏、极广胜乘中观决定	是
མང་པོ	众多	3	宝性论大疏、极广胜乘中观决定	是
ཐུན་མོང	共通	3	极广胜乘中观决定	是
མདོར་བསྡུས	略摄	3	宝性论大疏、极广胜乘中观决定	是
ཟག་མེད	无漏	3	宝性论大疏、极广胜乘中观决定	是
ཡིད་ཀྱི་ལུས	意生身	3	极广胜乘中观决定	是
ཤེས་པ	智慧	3	极广胜乘中观决定	是
རིན་ཆེན	珍宝	3	宝性论大疏、极广胜乘中观决定	是
སྒྱུ་མ	如幻者	3	极广胜乘中观决定	是
རྣམ་པ	方式	3	极广胜乘中观决定	是
ཆ་ཤས	支分	3	极广胜乘中观决定	是
ནད་མེད	无病	3	宝性论大疏、极广胜乘中观决定	是
ཉོན་ཡིད	染污意	3	极广胜乘中观决定	是
ལུས་སེམས	身心	3	宝性论大疏、极广胜乘中观决定	是
ཕན་ཚུན	互相	3	极广胜乘中观决定	是
བདག་འཛིན	我执	3	宝性论大疏、极广胜乘中观决定	是
མཚན་མེད	无相	3	极广胜乘中观决定	是
གཉིས་པོ	二者	3	宝性论大疏、极广胜乘中观决定	是
བདེ་སྡུག	苦乐	3	宝性论大疏、极广胜乘中观决定	是
བསྐྱེད་བྱ	所生	3	宝性论大疏、极广胜乘中观决定	是
ཐར་བ	解脱	3	极广胜乘中观决定	是
རྨོངས་པ	愚痴	3	宝性论大疏、极广胜乘中观决定	是
ཀུན་འགྲོ	遍行	3	极广胜乘中观决定	是
བྱེད་པ	能作	3	宝性论大疏、极广胜乘中观决定	是
ཐ་མ	下劣	3	宝性论大疏、极广胜乘中观决定	是
བྱ་བ	作用	3	宝性论大疏、极广胜乘中观决定	是
ཇི་ལྟར	何故	3	宝性论大疏、极广胜乘中观决定	是
དེ་ལས	颠倒	3	宝性论大疏、极广胜乘中观决定	是
རེས་འགའ	一类	3	宝性论大疏、极广胜乘中观决定	是
ཡོ་བྱད	资具	3	宝性论大疏、极广胜乘中观决定	是
ལྟ་བ	观察	3	宝性论大疏、极广胜乘中观决定	是
བཤེས་གཉེན	善知识	3	宝性论大疏、极广胜乘中观决定	是
ཆོས་ཀྱི་བདག་འཛིན	法我执	3	宝性论大疏、极广胜乘中观决定	是
འཛིན་པ	我执	3	宝性论大疏、极广胜乘中观决定	是
ཚོགས་པ	聚合	3	宝性论大疏、极广胜乘中观决定	是
འདས་པ	过去	3	宝性论大疏、极广胜乘中观决定	是
དགག་བྱ	所遮	3	宝性论大疏、极广胜乘中观决定	是
ཡང་དག་ཀུན་རྫོབ	正世俗	3	宝性论大疏、极广胜乘中观决定	是
འཛིན་པ	能取	3	极广胜乘中观决定	是
དེ་ལྟ་བུ	如是	3	宝性论大疏、极广胜乘中观决定	是
མིག་ཡོར	障眼	3	极广胜乘中观决定	是
བརྟན་པོ	坚固	3	宝性论大疏、极广胜乘中观决定	是
རིགས་གཉིས	二种	3	宝性论大疏、极广胜乘中观决定	是
སྡིག་གྲོགས	恶友	3	宝性论大疏、极广胜乘中观决定	是
དེ་ནས	此后	3	极广胜乘中观决定	是
འཛིན་པ	执者	3	宝性论大疏、极广胜乘中观决定	是
རྒྱལ་སྲས	佛子	3	宝性论大疏、极广胜乘中观决定	是
སྤྱོད་ལམ	威仪	3	宝性论大疏、极广胜乘中观决定	是
ལྷག་མེད	无余	3	宝性论大疏、极广胜乘中观决定	是
ལུང་སྟོན	授记	3	宝性论大疏、极广胜乘中观决定	是
རྫོགས་པ	成就	3	宝性论大疏、极广胜乘中观决定	是
མཆོད་པ	供养	3	宝性论大疏、极广胜乘中观决定	是
སྤྲུལ་པ	化身	3	宝性论大疏、极广胜乘中观决定	是
འཇིག་པ	坏灭	3	宝性论大疏、极广胜乘中观决定	是
ཚངས་པ	梵天	3	宝性论大疏、极广胜乘中观决定	是
བརྩོན་པ	精进	3	宝性论大疏、极广胜乘中观决定	是
བདག་ཅག	我等	3	宝性论大疏、极广胜乘中观决定	是
བློ་གྲོས	智慧	3	宝性论大疏	是
ད་ལྟར	现在	3	宝性论大疏	是
ཕྱི་རབས	后代	3	宝性论大疏	是
དོན་དམ་པའི་ཆོས	胜义法	3	宝性论大疏	是
ཡང་དག་པའི་ལྟ་བ	正见	3	宝性论大疏	是
ཐོས་པའི་ཤེས་རབ	闻慧	3	宝性论大疏	是
གཞལ་ཡས་ཁང	无量宫	3	宝性论大疏	是
སྐྱེ་བ	出生	3	宝性论大疏	是
མ་འོངས་པ	未来	3	宝性论大疏	是
ཕ་རོལ་ཏུ་ཕྱིན་པ	究竟	3	宝性论大疏	是
འདུས་པ	集会	3	宝性论大疏	是
གླིང་བཞི	四洲	3	宝性论大疏	是
འཇིག་རྟེན་གྱི་ཁམས	世间	3	宝性论大疏	是
སྟོང་གསུམ	世界	3	宝性论大疏	是
འཇིག་རྟེན་གྱི་ཁམས	世界	3	宝性论大疏	是
རྣམ་པར་ཐར་པའི་སྒོ	解脱门	3	宝性论大疏	是
མཁྱེན་པ	智慧	3	宝性论大疏	是
གདོད་མ་ནས	本来	3	宝性论大疏	是
ཆེན་པོ	主要	3	宝性论大疏	是
རྒྱུ་མཚན་ཡང་དག	正因	3	宝性论大疏	是
ཆགས་པ	贪着	3	宝性论大疏	是
དམན་པ	下劣	3	宝性论大疏	是
ཆེད་དུ་བྱ་བ	专为	3	宝性论大疏	是
ཆོ་འཕྲུལ	神变	3	宝性论大疏	是
ཕྲ་བ	微细	3	宝性论大疏	是
དམུས་ལོང	生盲	3	宝性论大疏	是
བཤད་པ	本释	3	宝性论大疏	是
འཆད་པ	解说	3	宝性论大疏	是
ཡོན་ཏན	说法	3	宝性论大疏	是
བརྩེ་བ	悲悯	3	宝性论大疏	是
ཇི་སྐད	所谓	3	宝性论大疏	是
སྐྱེ་བ་མེད་པ	无生	3	宝性论大疏	是
གང་ཡང	随一	3	宝性论大疏	是
མན་ཆད་དུ	以下	3	宝性论大疏	是
གསལ་བ	光明	3	宝性论大疏	是
འདོད་ཆགས་དང་བྲལ་བ	离贪	3	宝性论大疏	是
བརྗོད་པ	诠说	3	宝性论大疏	是
གང་ཟག་གི་བདག་འཛིན	补特伽罗我执	3	宝性论大疏	是
ཅིག་ཤོས	反面	3	宝性论大疏	是
འོག་མ	差别	3	宝性论大疏	是
ཇི་སྙེད་ཡོད་པ	尽所有	3	宝性论大疏	是
རྫུ་འཕྲུལ	神变	3	宝性论大疏	是
སྐྱབས་གསུམ	三宝	3	宝性论大疏	是
ལྷ་མ་ཡིན	非天	3	宝性论大疏	是
ཁྱབ་པ་འདུ་བྱེད་ཀྱི་སྡུག་བསྔལ	遍行苦	3	宝性论大疏	是
སྐྱབས་གསུམ	三归依	3	宝性论大疏	是
བསྟན་པ	佛教	3	宝性论大疏	是
བྱེ་བྲག	分别	3	宝性论大疏	是
ལྷག་མེད་མྱང་འདས	无余涅槃	3	宝性论大疏	是
མི་གནས་པ	不住	3	宝性论大疏	是
ཉན་ཐོས་ཀྱི་ལམ	声闻道	3	宝性论大疏	是
བླ་ན་མེད་པ	无上正等菩提	3	宝性论大疏	是
ཟག་པ	染污	3	宝性论大疏	是
སངས་རྒྱས་པ	成佛	3	宝性论大疏	是
འདོད་པ	欲界	3	宝性论大疏	是
དགེ་བའི་བཤེས་གཉེན	善知识	3	宝性论大疏	是
དག་པ་གཉིས་ལྡན	所知	3	宝性论大疏	是
རྣམ་མཁྱེན	遍智	3	宝性论大疏	是
ངེས་དོན་གྱི་མདོ་སྡེ	了义经	3	宝性论大疏	是
གཞན་དུ་ན	否则	3	宝性论大疏	是
ཐེག་ཆེན་སེམས་བསྐྱེད	大乘发心	3	宝性论大疏	是
དེ་སྲིད་དུ	乃至	3	宝性论大疏	是
མདོ་སྡེ་རྒྱན	经庄严论	3	宝性论大疏	是
འཕེལ་བ	增长	3	宝性论大疏	是
གོ་འཕང	佛位	3	宝性论大疏	是
འཚང་རྒྱ་ངེས	定成佛	3	宝性论大疏	是
རོ་གཅིག	一味	3	宝性论大疏	是
འདུས་མ་བྱས	如虚空	3	宝性论大疏	是
མེ་གསུམ	三火	3	宝性论大疏	是
ཆུའི་དཀྱིལ་འཁོར	水轮	3	宝性论大疏	是
ཇི་ལྟར	如同	3	宝性论大疏	是
སྙོམས་པར་ཞུགས་པ	入定	3	宝性论大疏	是
མཉམ་པ	相等	3	宝性论大疏	是
རྟོགས་པའི་ཡོན་ཏན	证功德	3	宝性论大疏	是
ཚང་བ	圆满	3	宝性论大疏	是
སྦྱིན་པ	布施	3	宝性论大疏	是
སྦུན་པ	糠秕	3	宝性论大疏	是
བདེ་བ	之中	3	宝性论大疏	是
ཀུན་མཁྱེན	遍智	3	宝性论大疏	是
ས་འོག	地下	3	宝性论大疏	是
རྣམ་གྲོལ་ལམ	解脱道	3	宝性论大疏	是
སོ་སོ་སྐྱེ་བོ	愚夫	3	宝性论大疏	是
བདག་ཉིད་ཆེན་པོ	大主宰	3	宝性论大疏	是
རྒྱུ་མཐུན་གྱི་འབྲས་བུ	等流果	3	宝性论大疏	是
འཁོར་འདས	生死涅槃	3	宝性论大疏	是
ལག་རྗེས	成就	3	宝性论大疏	是
ཉི་མ	日光	3	宝性论大疏	是
སྒྲ་གཅན	罗睺	3	宝性论大疏	是
ཡོན་ཏན་ལྔ	五德	3	宝性论大疏	是
རྣལ་འབྱོར་བ	瑜伽师	3	宝性论大疏	是
མཐར་ཕྱིན་པའི་བྱང་ཆུབ་སེམས་དཔའ	究竟菩萨	3	宝性论大疏	是
བླ་མ	师长	3	宝性论大疏	是
འཇིག་རྟེན་པ	世人	3	宝性论大疏	是
སྐལ་ལྡན	有缘	3	宝性论大疏	是
ཚངས་པ	大梵	3	宝性论大疏	是
གཞི་གསུམ	三事	3	宝性论大疏	是
གྲུབ་མཐའ	宗派	3	宝性论大疏	是
ཕྱག་འཚལ	敬礼	2	宝性论大疏、极广胜乘中观决定	是
གང་ཞིག	凡彼	2	宝性论大疏、极广胜乘中观决定	是
ཕྲིན་ལས	事业	2	宝性论大疏、极广胜乘中观决定	是
གྲུབ་མཐའ	悉檀	2	极广胜乘中观决定	是
སྤངས་པ	断除	2	宝性论大疏、极广胜乘中观决定	是
སངས་རྒྱས	佛陀	2	宝性论大疏、极广胜乘中观决定	是
གཡོ་སྒྱུ	谄诳	2	宝性论大疏、极广胜乘中观决定	是
གནས་སྐབས	阶段	2	极广胜乘中观决定	是
ཞི་ལྷག	止观	2	极广胜乘中观决定	是
སྤྱི་ལྡོག	总别	2	极广胜乘中观决定	是
ཡིད་ཀྱི་སྐྱེ་མཆེད	意处	2	极广胜乘中观决定	是
འབྱུང་བ	大种	2	极广胜乘中观决定	是
ཁྲ་བོ	杂色	2	极广胜乘中观决定	是
དངོས་པོ	本身	2	极广胜乘中观决定	是
བྱིས་པ	凡夫	2	极广胜乘中观决定	是
ཐེག་དམན	小乘	2	宝性论大疏、极广胜乘中观决定	是
གཅིག་ཉིད	唯一	2	极广胜乘中观决定	是
ཕལ་ཆེར	大多数	2	极广胜乘中观决定	是
བདེན་པ་བཞི	苦谛	2	极广胜乘中观决定	
སྡུག་བསྔལ་བདེན་པ	苦谛	2	极广胜乘中观决定	是
གཟུགས་མེད་ཁམས	无色界	2	极广胜乘中观决定	是
འདོད་ཡོན	妙欲	2	极广胜乘中观决定	是
སེམས་བྱུང	心所	2	宝性论大疏、极广胜乘中观决定	是
སྡུག་བསྔལ་གྱི་སྡུག་བསྔལ	苦苦	2	极广胜乘中观决定	是
འཕགས་པའི་བདེན་པ	圣谛	2	宝性论大疏、极广胜乘中观决定	是
ཟུང་འཇུག	双运	2	宝性论大疏、极广胜乘中观决定	是
གོམས་པ	修习	2	宝性论大疏、极广胜乘中观决定	是
རེ་རེ	各个	2	极广胜乘中观决定	是
ཚེ་རིང	长寿	2	宝性论大疏、极广胜乘中观决定	是
རྣམ་ཤེས་ཚོགས་བརྒྱད	八识	2	极广胜乘中观决定	是
ཡིན་མོད	虽是	2	宝性论大疏、极广胜乘中观决定	是
ཀུན་གཞིའི་རྣམ་ཤེས	阿赖耶识	2	极广胜乘中观决定	是
ཤེས་པ	意识	2	极广胜乘中观决定	是
བྱེད་པོ	大梵	2	极广胜乘中观决定	是
དེ་འོག	其后	2	极广胜乘中观决定	是
རེས་འགའ	有时	2	极广胜乘中观决定	是
དུས་གཅིག	一时	2	宝性论大疏、极广胜乘中观决定	是
སྔ་ཕྱི	先后	2	宝性论大疏、极广胜乘中观决定	是
ནུས་མེད	无能	2	极广胜乘中观决定	是
གསར་རྙིང	新旧	2	极广胜乘中观决定	是
དགེ་ཆོས	善法	2	极广胜乘中观决定	是
སྣང་བརྙན	影像	2	极广胜乘中观决定	是
ཐ་སྙད	言说	2	宝性论大疏、极广胜乘中观决定	是
དངོས་པོ	事物	2	宝性论大疏、极广胜乘中观决定	是
བཅུ་གཅིག	十一	2	宝性论大疏、极广胜乘中观决定	是
ཡོངས་གྲུབ	空性	2	极广胜乘中观决定	是
རྣམ་གཡེང	散乱	2	宝性论大疏、极广胜乘中观决定	是
དབང་པོ་ལྔ	五根	2	极广胜乘中观决定	是
མཐོ་རིས	善趣	2	宝性论大疏、极广胜乘中观决定	是
དྭངས་པ	澄净	2	极广胜乘中观决定	是
རིག་པ	智慧	2	宝性论大疏、极广胜乘中观决定	是
འོན་ཀྱང	然而	2	宝性论大疏、极广胜乘中观决定	是
གཞན་དབང་གཉིས	依他起	2	极广胜乘中观决定	是
མཐུ་སྟོབས	威德	2	极广胜乘中观决定	是
རྟག་པ	常法	2	极广胜乘中观决定	是
ངོ་བོ་ཉིད	本性	2	宝性论大疏、极广胜乘中观决定	是
ལྷན་ཅིག	共同	2	极广胜乘中观决定	是
དེ་མ་ཐག་རྐྱེན	无间缘	2	宝性论大疏、极广胜乘中观决定	是
དམིགས་རྐྱེན	所缘缘	2	宝性论大疏、极广胜乘中观决定	是
ཕྱིན་ཅི་ལོག་པ	颠倒	2	宝性论大疏、极广胜乘中观决定	是
ཕུང་པོ་ལྔ	五蕴	2	极广胜乘中观决定	是
མཆོད་སྦྱིན	供施	2	宝性论大疏、极广胜乘中观决定	是
དུད་འགྲོ	旁生	2	宝性论大疏、极广胜乘中观决定	是
རྡུལ་ཕྲན	微尘	2	宝性论大疏、极广胜乘中观决定	是
རྗེས་དཔག	比量	2	极广胜乘中观决定	是
ལྟ་སྤྱོད	见行	2	宝性论大疏、极广胜乘中观决定	是
སྨིག་རྒྱུ	阳焰	2	极广胜乘中观决定	是
རྒྱལ་སྲས	菩萨	2	宝性论大疏、极广胜乘中观决定	是
ཆོས་དབྱིངས	空性	2	宝性论大疏、极广胜乘中观决定	是
ལྷག་མ	其余	2	极广胜乘中观决定	是
དེ་ཡང	复次	2	宝性论大疏、极广胜乘中观决定	是
རྒྱུ་གསུམ	三因	2	宝性论大疏、极广胜乘中观决定	是
ཞི་གནས	寂止	2	极广胜乘中观决定	是
ལྷག་མཐོང	胜观	2	宝性论大疏、极广胜乘中观决定	是
བརྟུལ་ཞུགས	禁行	2	宝性论大疏、极广胜乘中观决定	是
བག་ཡོད	不放逸	2	宝性论大疏、极广胜乘中观决定	是
ཤེས་བཞིན	正知	2	极广胜乘中观决定	是
དེ་ནས	其次	2	宝性论大疏、极广胜乘中观决定	是
ལས་རུང	堪能	2	宝性论大疏、极广胜乘中观决定	是
གདམས་ངག	教诫	2	宝性论大疏、极广胜乘中观决定	是
སྙོམས་འཇུག	等至	2	极广胜乘中观决定	是
འཇིགས་པ་ལྔ	五怖畏	2	宝性论大疏、极广胜乘中观决定	是
རང་རྒྱལ	独觉	2	极广胜乘中观决定	是
རྣམ་པ	种类	2	宝性论大疏、极广胜乘中观决定	是
རྗེས་སུ་མཐུན་པ	随顺	2	宝性论大疏、极广胜乘中观决定	是
དབང་རྣོན	利根	2	宝性论大疏、极广胜乘中观决定	是
ཡེ་ཤེས་ལྔ	五智	2	极广胜乘中观决定	是
མཛད་འཕྲིན	事业	2	极广胜乘中观决定	是
ཡིན་ཡང	虽是	2	宝性论大疏、极广胜乘中观决定	是
ཐུབ་པའི་དབང་པོ	能仁王	2	宝性论大疏	是
རྒྱལ་ཚབ	补处	2	宝性论大疏	是
ཕྱི་མ	后世	2	宝性论大疏	是
དཀའ་བ	难得	2	宝性论大疏	是
ཉམས་སུ་ལེན་པ	修习	2	宝性论大疏	是
རྒྱ་མཚོ	广大	2	宝性论大疏	是
གསང་བ	密处	2	宝性论大疏	是
རང་ཉིད	本人	2	宝性论大疏	是
བླ་མ	喇嘛	2	宝性论大疏	是
བསྙེན་བཀུར	亲近承事	2	宝性论大疏	是
དེ་ལྟར	依此	2	宝性论大疏	是
དད་པ	信心	2	宝性论大疏	是
དབྱེར་མེད་པ	无差别	2	宝性论大疏	是
ཚིགས་བཅད་གཅིག	一颂	2	宝性论大疏	是
ཉེ་བའི་རྒྱུ	近因	2	宝性论大疏	是
དེ་ཡང	其次	2	宝性论大疏	是
སྒྲིབ་པ	障碍	2	宝性论大疏	是
ཆོས་ཀྱི་རྣམ་གྲངས	法门	2	宝性论大疏	是
འཕྲུལ་བ	变化	2	宝性论大疏	是
དོ་ཤལ	璎珞	2	宝性论大疏	是
ཡིད་དུ་འོང་བ	悦意	2	宝性论大疏	是
སྨིན་མཚམས	眉间	2	宝性论大疏	是
བྱིན་གྱིས་བརླབས་པ	加持	2	宝性论大疏	是
འདི་སྐད	如是	2	宝性论大疏	是
སྤོབས་པ	辩才	2	宝性论大疏	
དབུ་མ་པ	中观师	2	宝性论大疏	是
ཡིད་འོང	悦意	2	宝性论大疏	
རང་རྐྱ	独立	2	宝性论大疏	是
འདུལ་བ	毗奈耶	2	宝性论大疏	是
སྨིན་བྱེད	能熟	2	宝性论大疏	是
རྣམ་ཐར	解脱	2	宝性论大疏	是
ཞི་བ	解脱	2	宝性论大疏	是
འདོར་བ	舍弃	2	宝性论大疏	是
འཁོར་གསུམ	所作	2	宝性论大疏	是
ཕྱིན་ཅི་ལོག་བཞི	四颠倒	2	宝性论大疏	是
དུལ་བ	调柔	2	宝性论大疏	是
གསལ་བ	差别	2	宝性论大疏	是
དོན་གཉིས	自利	2	宝性论大疏	是
ཐུགས་རྗེ	悲悯	2	宝性论大疏	是
མིང་གཟུགས	名色	2	宝性论大疏	是
རྩོལ་བ	无功	2	宝性论大疏	是
དག་པ་ཉིད	清净	2	宝性论大疏	是
མངའ་བ	所有	2	宝性论大疏	是
འདུས་མ་བྱས	无为法	2	宝性论大疏	是
ངོ་མཚར	稀有	2	宝性论大疏	是
མཐར་ལྟ	边执见	2	宝性论大疏	是
ཉིང་མཚམས་སྦྱོར་བ	结生	2	宝性论大疏	是
འཇིག་ལྟ	坏聚见	2	宝性论大疏	是
རང་བཞིན་གྱིས་མ་གྲུབ་པ	无自性	2	宝性论大疏	是
རྟོགས་པ	觉悟	2	宝性论大疏	是
སངས་རྒྱས་ཀྱི་སྤྱན	佛眼	2	宝性论大疏	是
བདེན་གྲུབ	自性有	2	宝性论大疏	是
རྒུད་པ	衰损	2	宝性论大疏	是
གཞི་མེད	无根	2	宝性论大疏	是
གཉིས་སུ་མེད་པ	无二	2	宝性论大疏	是
གཉིས་སུ་མེད	无二	2	宝性论大疏	是
ཡུལ་འཛིན	取境	2	宝性论大疏	是
སྡུག་པ	可爱	2	宝性论大疏	是
བསོད་ནམས་མ་ཡིན་པ	非福	2	宝性论大疏	是
ངེས་དོན	胜义谛	2	宝性论大疏	是
རྒྱས་འབྲིང་བསྡུས་གསུམ	般若经	2	宝性论大疏	是
དོན་གྱི་མདོ	要义	2	宝性论大疏	是
ལྷ་མོ	天女	2	宝性论大疏	是
སྐད་ཅིག་མ	一刹那	2	宝性论大疏	是
བསྙེན་བཀུར	恭敬	2	宝性论大疏	是
དྲག་ཤུལ་ཅན	郁伽长者	2	宝性论大疏	是
རང་ཉིད	自己	2	宝性论大疏	是
འཕགས་པའི་དགེ་འདུན	圣僧	2	宝性论大疏	是
གཞོལ་བ	专注	2	宝性论大疏	是
མིང་བཏགས	假名	2	宝性论大疏	是
ཕྱི་རོལ་པ	外道	2	宝性论大疏	是
ཕྱི་མ	最后	2	宝性论大疏	是
བྱང་ཆུབ	通达	2	宝性论大疏	是
སྟོན་པའི་བསྟན་པ	大师教	2	宝性论大疏	是
འཛིན་པ	执为	2	宝性论大疏	是
ཆོས་འཁོར	法轮	2	宝性论大疏	是
ཤིང་རྟ་ཆེན་པོ	大车	2	宝性论大疏	是
འབད་པ	精进	2	宝性论大疏	是
ཁྱུ་མཆོག	牛王	2	宝性论大疏	是
སེམས་རྒྱུད	心相续	2	宝性论大疏	是
མཐོང་བ	亲见	2	宝性论大疏	是
སློབ་དཔོན	师长	2	宝性论大疏	是
ཀུན་ཏུ	不断	2	宝性论大疏	是
མིང་གི་རྣམ་གྲངས	异名	2	宝性论大疏	是
བྱེད་པ་པོ	作者	2	宝性论大疏	是
དགོངས་གཞི	用意	2	宝性论大疏	是
རྣམ་འགྲེལ	释量论	2	宝性论大疏	是
ཅེ་ན	若谓	2	宝性论大疏	是
ལེགས་པར་བཤད་པ	善说	2	宝性论大疏	是
མངོན་སུམ	真实	2	宝性论大疏	是
མ་མ	乳母	2	宝性论大疏	是
སྙིང་བརྩེ	悲心	2	宝性论大疏	是
རེ་རེ་ནས	各各	2	宝性论大疏	是
མི་འགྱུར་བ	虚空	2	宝性论大疏	是
རྒྱབ་ཀྱིས་ཕྱོགས་པ	背弃	2	宝性论大疏	是
དེ་ལྟར	所依	2	宝性论大疏	是
མངོན་པའི་ང་རྒྱལ	增上慢	2	宝性论大疏	是
ཞི་ལྷག་ཟུང་འབྲེལ	止观双运	2	宝性论大疏	是
བྱེད་ལས	功用	2	宝性论大疏	是
བདེན་པར་འཛིན་པ	实执	2	宝性论大疏	是
ལོག་ཤེས	邪智	2	宝性论大疏	是
མངོན་གྱུར	通达	2	宝性论大疏	是
མུར་ཐུག་པ	究竟	2	宝性论大疏	是
རྒ་ཤི	老死	2	宝性论大疏	是
ཇི་སྲིད་དུ	乃至	2	宝性论大疏	是
སྟོང་ཆེན་པོའི་འཇིག་རྟེན་གྱི་ཁམས	三千大千世界	2	宝性论大疏	是
ཆད་པ	生于	2	宝性论大疏	是
ཆད་ལྟ	断见	2	宝性论大疏	是
རྟག་ལྟ	常见	2	宝性论大疏	是
རྒྱུ་མེད་རྐྱེན་མེད	无因无缘	2	宝性论大疏	是
རིགས་ཅན	有种性	2	宝性论大疏	是
སངས་རྒྱས་པ	已成佛	2	宝性论大疏	是
ཡིད་འབྱུང	之心	2	宝性论大疏	是
ནུས་པ	能力	2	宝性论大疏	是
སྟོང་པ་ཉིད	真如	2	宝性论大疏	是
རྣམ་གྲངས	差别	2	宝性论大疏	是
དེ་ཉིད་ཀྱི་ཕྱིར	是故	2	宝性论大疏	是
རླུང་གི་དཀྱིལ་འཁོར	风轮	2	宝性论大疏	是
སའི་དཀྱིལ་འཁོར	地轮	2	宝性论大疏	是
སྟོང་པ	虚空	2	宝性论大疏	是
རླུང་གི་ཁམས	风界	2	宝性论大疏	是
བར་ཆད	中断	2	宝性论大疏	是
སྔ་མ་སྔ་མ	前前	2	宝性论大疏	是
མངོན་གྱུར	现证	2	宝性论大疏	是
སྣང་བ	明相	2	宝性论大疏	是
ཉིང་མཚམས་སྦྱོར་བ	结生相续	2	宝性论大疏	是
འདྲ་བ	相同	2	宝性论大疏	是
ཁྱད་པར་དུ་འཕགས་པ	殊胜	2	宝性论大疏	是
མངོན་དུ་ཕྱོགས་པ	现前	2	宝性论大疏	是
སྲིད་ཞི་མཉམ་ཉིད་ཀྱི་སྦྱོར་བ	有寂平等性加行	2	宝性论大疏	是
འགོག་པའི་སྙོམས་འཇུག	灭尽定	2	宝性论大疏	是
མངོན་གྱུར	显现	2	宝性论大疏	是
བདག་འཛིན་གཉིས	二种我执	2	宝性论大疏	是
བཅུ་པ	第十	2	宝性论大疏	是
བཞེད་པ	自在	2	宝性论大疏	是
སྔོན་དུ	先前	2	宝性论大疏	是
འདུལ་བ	调伏	2	宝性论大疏	是
འགོད་པ	安置	2	宝性论大疏	是
ཕྱི་མ	边际	2	宝性论大疏	是
རྣམ་གྲོལ	涅槃	2	宝性论大疏	是
རི་མོ་མཁན	画师	2	宝性论大疏	是
གྲངས་མེད་པ	无数	2	宝性论大疏	是
ནུས་མཐུ	能力	2	宝性论大疏	是
ཡེ་ཤེས་ཀྱི་ཚོགས	智资粮	2	宝性论大疏	是
རྣམ་པར་མི་རྟོག་པ	无分别	2	宝性论大疏	是
དེ་དག	反之	2	宝性论大疏	是
ཁམས་གོང་མ	上界	2	宝性论大疏	是
དགའ་བ	欢喜	2	宝性论大疏	是
ཉེས་སྤྱོད	恶行	2	宝性论大疏	是
མཚུངས་པ	相似	2	宝性论大疏	是
རྒྱལ་སྲིད	国政	2	宝性论大疏	是
སྲོག་ཆགས	有情	2	宝性论大疏	是
སྐྱེ་དགུ	众生	2	宝性论大疏	是
ཡན་ཆད་དུ	以上	2	宝性论大疏	是
ཡེ་ཤེས་ཀྱི་ཚོགས	智慧资粮	2	宝性论大疏	是
སྤྲུལ་པའི་སྐུ	变化身	2	宝性论大疏	是
དངོས་ཡོད	实际	2	宝性论大疏	是
འཆི་བ་མེད་པ	无死	2	宝性论大疏	是
ཆོ་འཕྲུལ་གསུམ	三神变	2	宝性论大疏	是
དབང་པོ་དྲུག	六根	2	宝性论大疏	是
གཡོ་བ	动摇	2	宝性论大疏	是
ཚོགས་པ	圆满	2	宝性论大疏	是
བདག་རྐྱེན	增上缘	2	宝性论大疏	是
ཅིག་ཤོས	另一方	2	宝性论大疏	是
སྒྲིབ་པ་གསུམ	三障	2	宝性论大疏	是
བདག་ཉིད	主宰	2	宝性论大疏	是
ཡོན་ཏན་ལྔ	功德	2	宝性论大疏	是
ལྟར་སྣང་བ	现似	2	宝性论大疏	是
རྫུ་འཕྲུལ	神通	2	宝性论大疏	是
རོལ་པ	嬉戏	2	宝性论大疏	是
སྒོམ་བྱུང	修所成慧	2	宝性论大疏	是
བསམ་ཡས	无边	2	宝性论大疏	是
རྒྱུ་བ	游行	2	宝性论大疏	是
ཕ་རོལ	彼岸	2	宝性论大疏	是
གནས་མིན	非处	2	宝性论大疏	是
རྗེས་སུ་དྲན་པ	随念	2	宝性论大疏	是
མཐའ་གཅིག་ཏུ	一边	2	宝性论大疏	是
ངང་གིས	自然	2	宝性论大疏	是
སྤྲིན་མེད	无云	2	宝性论大疏	是
ལྷའི་དབང་པོ	帝释	2	宝性论大疏	是
ས་སྟེང	地上	2	宝性论大疏	是
འདོད་ཡོན	欲尘	2	宝性论大疏	是
ལྷའི་གནས	天界	2	宝性论大疏	是
རྔ་སྒྲ	鼓声	2	宝性论大疏	是
དབྱར་གྱི་དུས	如夏季	2	宝性论大疏	是
རྨ་བྱ	孔雀	2	宝性论大疏	是
ངན་འགྲོའི་སྡུག་བསྔལ	恶趣苦	2	宝性论大疏	是
བྲག་ཅ	回响	2	宝性论大疏	是
མནར་མེད	无间	2	宝性论大疏	是
བསམ་གཏན་བཞི	四静虑	2	宝性论大疏	是
འདུན་པ	希求	2	宝性论大疏	是
བཤད་བྱ	所说	2	宝性论大疏	是
རྙེད་པ	利养	2	宝性论大疏	是
བླ་མ	上师	1	极广胜乘中观决定	是
ཡིད་གཉིས	犹豫	1	极广胜乘中观决定	
མཚུངས་མེད	无比	1	极广胜乘中观决定	
ངང་ཚུལ	本性	1	极广胜乘中观决定	
ཕྲག་དོག	嫉妒	1	极广胜乘中观决定	
ཡ་མཚན	稀有	1	极广胜乘中观决定	
རྨད་བྱུང	超群	1	极广胜乘中观决定	
སེམས་དཔའ	菩萨	1	极广胜乘中观决定	
རྟོན་པ་བཞི	四依	1	极广胜乘中观决定	
ས་བཅུའི་དབང་ཕྱུག	十地自在	1	极广胜乘中观决定	
ལེགས་རྟོགས	善通达	1	极广胜乘中观决定	
འདའ་བ	出离	1	极广胜乘中观决定	是
ངོ་མཚར	希有	1	极广胜乘中观决定	是
ཉམས་མྱོང	经验	1	极广胜乘中观决定	
འཚོ་བ	生活	1	极广胜乘中观决定	
ཟུང་འཇུག	止观双运	1	极广胜乘中观决定	是
ཡོད་མཐའ	有边	1	极广胜乘中观决定	
སེམས་རྒྱུན	心相续	1	极广胜乘中观决定	
ལྟ་ཅི་སྨོས	何须说	1	极广胜乘中观决定	是
གཟུགས་ཕུང	色蕴	1	极广胜乘中观决定	
བསྟན་ཡོད	有见	1	极广胜乘中观决定	
བཏང་སྙོམས	平等舍	1	极广胜乘中观决定	
མཉམ་པར་འཇོག་པ	等持	1	极广胜乘中观决定	
ཁྱད་འཕགས	殊胜	1	极广胜乘中观决定	
གནོད་བྱ	所损害	1	极广胜乘中观决定	
འབྲེལ་བ	关系	1	极广胜乘中观决定	是
བར་མ	中等	1	极广胜乘中观决定	
རྣམ་གྲངས	类别	1	极广胜乘中观决定	是
མི་དགེ་བ	不善	1	极广胜乘中观决定	
དགེ་བ	善的	1	极广胜乘中观决定	
མཚན་ཉིད	定义	1	极广胜乘中观决定	是
བཀྲེས་སྐོམ	饥渴	1	极广胜乘中观决定	
གཡོ་བ	移动	1	极广胜乘中观决定	是
རྫོགས་ལྡན	圆满	1	极广胜乘中观决定	
འབྲས་བུའི་ཆོས	果法	1	极广胜乘中观决定	
སྐྱེས་པ	已生	1	极广胜乘中观决定	
ལྡན་མིན་འདུ་བྱེད	不相应行	1	极广胜乘中观决定	
སྲེད་པ	贪爱	1	极广胜乘中观决定	
ཅི་ཙམ	几许	1	极广胜乘中观决定	
ཁམས་གསུམ	无色界	1	极广胜乘中观决定	是
འགོག་པ	断除	1	极广胜乘中观决定	
འཕགས་ལམ	圣道	1	极广胜乘中观决定	
འཇིག་རྟེན་ཁམས	世间	1	极广胜乘中观决定	
དཀྱིལ་འཁོར	坛城	1	极广胜乘中观决定	
ཞིང་ཁམས	净土	1	极广胜乘中观决定	
གཞི་ལྔ	色法	1	极广胜乘中观决定	
གཞན་སེལ	遮遣	1	极广胜乘中观决定	
སེལ་བ	遮遣	1	极广胜乘中观决定	
སྙིང་པོ	核心	1	极广胜乘中观决定	
རྣམ་པར	完全	1	极广胜乘中观决定	
ཅུང་ཟད	少许	1	极广胜乘中观决定	
ཚབས་ཆེན	极大	1	极广胜乘中观决定	
ཡོངས་གཅོད	遍立	1	极广胜乘中观决定	
རང་རིག	自明	1	极广胜乘中观决定	
ལུས་ལྡན	众生	1	极广胜乘中观决定	
སྐྱེ་ལྡན	有生	1	极广胜乘中观决定	
དེ་འདྲ་བ	如是	1	极广胜乘中观决定	
མཐོང་ཚུལ	见解	1	极广胜乘中观决定	
གསེར་རྡོ	金矿	1	极广胜乘中观决定	
ས་གཞི	大地	1	极广胜乘中观决定	是
ཉི་མ	太阳	1	极广胜乘中观决定	是
ཉིན་བྱེད	太阳	1	极广胜乘中观决定	
མཐོང་མེད	无见	1	极广胜乘中观决定	
སྐྱེ་བོ	凡夫	1	极广胜乘中观决定	是
སྙིང་པོ	本质	1	极广胜乘中观决定	
སོར་གདུབ	指环	1	极广胜乘中观决定	
རང་བཞིན	自然	1	极广胜乘中观决定	是
གསར་སྐྱེས	新生	1	极广胜乘中观决定	
མཛེ་ནད	麻风	1	极广胜乘中观决定	
འདོགས་པ	假立	1	极广胜乘中观决定	
ཆུ་བོ	大河	1	极广胜乘中观决定	
སྔོན་དུས	昔时	1	极广胜乘中观决定	
གསུམ་པ	第三者	1	极广胜乘中观决定	是
ཚོར་བ་གསུམ	三受	1	极广胜乘中观决定	
འདུ་ཤེས་མེད་པ	无想	1	极广胜乘中观决定	
ཡིད་ཀྱི་རྣམ་ཤེས	意识	1	极广胜乘中观决定	
དེ་ལྟ	如此	1	极广胜乘中观决定	
དེ་བས	是故	1	极广胜乘中观决定	
དང་བ	清净	1	极广胜乘中观决定	
རས་ཡུག	布匹	1	极广胜乘中观决定	
མདོ་སྡེ	经藏	1	极广胜乘中观决定	
ཕལ་ཆེན	大众部	1	极广胜乘中观决定	
གནས་བརྟན	上座	1	极广胜乘中观决定	
འགྲུབ་པ	成立	1	极广胜乘中观决定	是
འཇོག་པ	安置	1	极广胜乘中观决定	
ཡང་ཡང	数数	1	极广胜乘中观决定	
མེར་མེར་པོ	羯罗蓝	1	极广胜乘中观决定	
བར་མེད	无间	1	极广胜乘中观决定	
འབྲས་བུ	果报	1	极广胜乘中观决定	是
དེ་ལྡན	具彼	1	极广胜乘中观决定	
གནས་པ	存在	1	极广胜乘中观决定	
སྐྱ་རེངས	黎明	1	极广胜乘中观决定	
ཡུན་རིང	长时	1	极广胜乘中观决定	是
རྗེས་ཐོགས	紧接	1	极广胜乘中观决定	
ཉོན་མོངས་ཅན	有染	1	极广胜乘中观决定	
མི་གསལ་བ	不显	1	极广胜乘中观决定	
མ་གཏོགས	除外	1	极广胜乘中观决定	
འཛིན་རྣམ	自体	1	极广胜乘中观决定	
ཡུལ་ལྔ	五境	1	极广胜乘中观决定	
འཇུག་ལྡོག	进退	1	极广胜乘中观决定	
བླ་དྭགས	命名	1	极广胜乘中观决定	
མཉམ་བཞག	等引	1	极广胜乘中观决定	
རང་བཞིན	自体	1	极广胜乘中观决定	是
མཚན་བཅས	有相	1	极广胜乘中观决定	
ཆོས་ལྔ	分别	1	极广胜乘中观决定	是
རྫས་སུ་ཡོད་པ	实有	1	极广胜乘中观决定	
དོན་དམ་བདེན་པ	二者	1	极广胜乘中观决定	是
ལྔ་པོ	五者	1	极广胜乘中观决定	
ཀུན་ཏུ	普遍	1	极广胜乘中观决定	是
ཀུན་རྟོག	虚妄分别	1	极广胜乘中观决定	是
ཡོངས་སུ་གྲུབ་པའི་མཚན་ཉིད	是圆成实	1	极广胜乘中观决定	
ངོ་བོ་ཉིད་གསུམ	三自性	1	极广胜乘中观决定	
དེ་ཉིད	即彼	1	极广胜乘中观决定	是
གཟུང་འཛིན	能取所取	1	极广胜乘中观决定	
སྔོན་པོ	蓝色	1	极广胜乘中观决定	
གཟུང་བྱ	所取	1	极广胜乘中观决定	
ཚུལ་མིན	不如理	1	极广胜乘中观决定	是
ལེགས་གསུང	善说	1	极广胜乘中观决定	
ཉི་ཟླ	日月	1	极广胜乘中观决定	
གཟུགས་བརྙན	相同	1	极广胜乘中观决定	是
རིག་པ	显现	1	极广胜乘中观决定	是
འཆེལ་བ	耽着	1	极广胜乘中观决定	
ཐུག་མེད	无边	1	极广胜乘中观决定	
རང་བཞིན་སྟོང་པ་ཉིད	自性空	1	极广胜乘中观决定	
རྣམ་པ	形式	1	极广胜乘中观决定	是
ཀུན་འཛིན	遍持	1	极广胜乘中观决定	
གཡོ་མེད	不动	1	极广胜乘中观决定	
བདག་མེད	人无我	1	极广胜乘中观决定	是
འབྲས་བུ་ལྔ	五果	1	极广胜乘中观决定	
རྒྱུ་དྲུག	能作因	1	极广胜乘中观决定	
རྐྱེན་བཞི	四缘	1	极广胜乘中观决定	
མཚུངས་པ	同分	1	极广胜乘中观决定	是
བྱེ་བྲག	分支	1	极广胜乘中观决定	是
ལྷན་ཅིག་བྱེད་རྐྱེན	成为心识上缘的感	1	极广胜乘中观决定	是
རྒྱུ་ལྔ	五因	1	极广胜乘中观决定	
རྒྱུ་རྐྱེན	因素	1	极广胜乘中观决定	是
བྲལ་འབྲས	离系果	1	极广胜乘中观决定	
བརྟགས་འགོག	择灭	1	极广胜乘中观决定	
མཐར་ལྟ	边见	1	极广胜乘中观决定	是
མི་གཙང་བ	不淨	1	极广胜乘中观决定	是
དོན་མེད	无故	1	极广胜乘中观决定	
འགྱུར་བ	转变	1	极广胜乘中观决定	是
རིགས་སྤྱི	类总	1	极广胜乘中观决定	
ཅི་སྟེ	何故	1	极广胜乘中观决定	
བརྗོད་བྱ	所说	1	极广胜乘中观决定	是
གནས་ལུགས	真理	1	极广胜乘中观决定	
ཁ་ཅིག	某些	1	极广胜乘中观决定	
གལ་ཏེ	如果	1	极广胜乘中观决定	是
ཅི་སྟེ	如果	1	极广胜乘中观决定	
ཡོད་པ	存在	1	极广胜乘中观决定	是
རི་བོང་རྭ	兔角	1	极广胜乘中观决定	
མི་སྲིད་པ	不可能	1	极广胜乘中观决定	
སྨོས་ཅི་དགོས	何况	1	极广胜乘中观决定	
གཅིག་ཏུ	唯一	1	极广胜乘中观决定	
དབང་ཕྱུག	大自在天	1	极广胜乘中观决定	是
བདག་པོ	主宰	1	极广胜乘中观决定	
ཆུ་ཐིགས	水滴	1	极广胜乘中观决定	
ཆོས་ཀྱི་རང་བཞིན	法性	1	极广胜乘中观决定	
བསྟན་བཅོས	论典	1	极广胜乘中观决定	是
ཉེས་པ་གསུམ	三过	1	极广胜乘中观决定	
གཏོགས་པ	属于	1	极广胜乘中观决定	
ས་མིན	非地	1	极广胜乘中观决定	
མ་ནིང	黄门	1	极广胜乘中观决定	
འདོད་ལྡན	具欲	1	极广胜乘中观决定	
ཧ་ཅང་ཐལ་བ	太过	1	极广胜乘中观决定	
ལུས་ལྡན	具身	1	极广胜乘中观决定	
འབྲལ་བ	分离	1	极广胜乘中观决定	
འདོར་ལེན	取舍	1	极广胜乘中观决定	
རྩྭ་ཤིང	草木	1	极广胜乘中观决定	
འཕེལ་འགྲིབ	增减	1	极广胜乘中观决定	
དངོས་འཛིན	执实	1	极广胜乘中观决定	
འབྲེལ་མེད	无关	1	极广胜乘中观决定	
བརྗོད་དུ་མེད་པ	不可说	1	极广胜乘中观决定	
འགལ་བ	矛盾	1	极广胜乘中观决定	是
རིགས་པའི་དབང་ཕྱུག	正理自在	1	极广胜乘中观决定	
སྣང་བ	觉知	1	极广胜乘中观决定	是
ཡིད་ལ་བྱེད་པ	思惟	1	极广胜乘中观决定	是
དེ་ལྟ་བས་ན	由此	1	极广胜乘中观决定	
ཕྲ་རབ	极微	1	极广胜乘中观决定	
སྣ་ཚོགས	多种	1	极广胜乘中观决定	是
རགས་པ	粗大	1	极广胜乘中观决定	
གཅིག་མིན	非一	1	极广胜乘中观决定	
དོན་གྲུབ	义成	1	极广胜乘中观决定	
ག་ལ་རུང	岂可	1	极广胜乘中观决定	
སྟོབས་ལྡན	有力	1	极广胜乘中观决定	
དཔྱོད་པ	观察	1	极广胜乘中观决定	
འཕྲོས་དོན	余义	1	极广胜乘中观决定	
མུ་བཞི	生灭	1	极广胜乘中观决定	
རང་གི་བདག་ཉིད	自性	1	极广胜乘中观决定	
ཀུན་ནས་ཉོན་མོངས་པ	烦恼	1	极广胜乘中观决定	是
ཆུ་རྙོག	浊水	1	极广胜乘中观决定	
རིགས་པ	可能	1	极广胜乘中观决定	是
ཅི་སྟེ	何以	1	极广胜乘中观决定	
དངོས་ཡུལ	实境	1	极广胜乘中观决定	
ཀུན་བཏགས	分别	1	极广胜乘中观决定	
རང་རིག	自证分	1	极广胜乘中观决定	
གཅིག་པུ	唯一	1	极广胜乘中观决定	
མཐོང་ཐོས	见闻	1	极广胜乘中观决定	
དུས་གཅིག	同时	1	极广胜乘中观决定	是
རྣམ་པར་གཞག་པ	安立	1	极广胜乘中观决定	
ཇི་ལྟ་བ	譬如	1	极广胜乘中观决定	是
ཀེང་རུས	骨骼	1	极广胜乘中观决定	
ཡང་དག་མཐའ	空性	1	极广胜乘中观决定	是
མི་ཟད	无穷	1	极广胜乘中观决定	是
བདེན་པ	非虚妄	1	极广胜乘中观决定	是
ལོག་ཤེས	颠倒识	1	极广胜乘中观决定	是
རྣམ་པ	有别	1	极广胜乘中观决定	是
སོ་སོ་རང་རིག	之境	1	极广胜乘中观决定	
དངོས་པོ	无性	1	极广胜乘中观决定	是
ཡང་དག་མཐའ	真实	1	极广胜乘中观决定	是
དྲི་ཟའི་གྲོང་ཁྱེར	乾闼婆城	1	极广胜乘中观决定	
སྤངས་པ	舍离	1	极广胜乘中观决定	是
ཡུན་ཐུང	短暂	1	极广胜乘中观决定	
དེ་ཁོ་ན་ཉིད	真实性	1	极广胜乘中观决定	
སྟོབས་ལྡན	具力	1	极广胜乘中观决定	
ཁྱད་ཅི	有何差别	1	极广胜乘中观决定	
བྱ་རྫོགས	所作圆满	1	极广胜乘中观决定	
མངོན་སུམ	显现	1	极广胜乘中观决定	是
བསགས་པའི་ལས	造业	1	极广胜乘中观决定	
དང་པོ	最初者	1	极广胜乘中观决定	是
གཞན་ཡང	复次	1	极广胜乘中观决定	
སྒྲུབ་པ	正行	1	极广胜乘中观决定	
བགྲོད་བྱ	所行	1	极广胜乘中观决定	
བསྒྲུབས་པ	成就	1	极广胜乘中观决定	
རྣམ་གྲངས	分类	1	极广胜乘中观决定	是
བརྟེན་པ	不动	1	极广胜乘中观决定	
རྗེས་དྲན	随念	1	极广胜乘中观决定	
བརྙས་པ	诽谤	1	极广胜乘中观决定	
བྱམས་ཆེན	大慈心	1	极广胜乘中观决定	
བསྔོ་བ	增长	1	极广胜乘中观决定	是
བརྟེན་པ	能依	1	极广胜乘中观决定	
ཐུན་མཚམས	座间	1	极广胜乘中观决定	
ཆོས་སྤྱོད	法行	1	极广胜乘中观决定	
སྤོང་བའི་འདུ་བྱེད	断行	1	极广胜乘中观决定	
ཕན་ཡོན	功德	1	极广胜乘中观决定	是
འདི་ལྟར	如此	1	极广胜乘中观决定	
མཇུག་ཐོགས	无间	1	极广胜乘中观决定	
བསྙེན་བཀུར	承事	1	极广胜乘中观决定	是
འདྲ་བ	平等	1	极广胜乘中观决定	是
མཐོང་ལམ	离五怖畏	1	极广胜乘中观决定	是
འཇོག་པ	建立	1	极广胜乘中观决定	
ཐོས་པ	所闻	1	极广胜乘中观决定	是
དབང་བཅུ	业自在	1	极广胜乘中观决定	是
འཛམ་གླིང	世间	1	极广胜乘中观决定	
ཟིལ་གནོན	映复	1	极广胜乘中观决定	
རིགས་མཐུན	等流	1	极广胜乘中观决定	
འབུམ་ཕྲག	十万	1	极广胜乘中观决定	
ཁྲག་ཁྲིག	那由他	1	极广胜乘中观决定	
དེད་འདྲེན	婆喝那	1	极广胜乘中观决定	
ས་ཡ	百万	1	极广胜乘中观决定	
ཆོས་སྒོ	法门	1	极广胜乘中观决定	
རབ་བྱུང	出家	1	极广胜乘中观决定	
ཆོས་ཀྱི་ངོ་བོ	法自性	1	极广胜乘中观决定	
བདག་ལྟའི་བག་ཆགས	我见习气	1	极广胜乘中观决定	
ལྷག་བཅས	有余	1	极广胜乘中观决定	
བདེ་བ་ཅན	极乐世界	1	极广胜乘中观决定	
འོག་མིན	色究竟天	1	极广胜乘中观决定	
རབ་དགའ	极喜	1	极广胜乘中观决定	
སྒྲུབ་བྱེད	作事	1	极广胜乘中观决定	是
ཀུན་ཕན	利益	1	极广胜乘中观决定	
རྣམ་པ་ཐམས་ཅད་མཁྱེན་པ	一切种智	1	极广胜乘中观决定	
གཞན་དོན	他利	1	极广胜乘中观决定	
འཛམ་གླིང	瞻部洲	1	极广胜乘中观决定	
བདེ་ཆེན	大乐	1	极广胜乘中观决定	
ཡེ་ཤེས་བཞི	四智	1	极广胜乘中观决定	
སྡེ་ཚན	部类	1	极广胜乘中观决定	
བྱང་ཆུབ་མཆོག	最胜菩提	1	极广胜乘中观决定	是
སྔོན་དུ་འགྲོ་བ	前导	1	极广胜乘中观决定	
ཆོ་འཕྲུལ་གསུམ	三种神变	1	极广胜乘中观决定	是
སྒྲ་བརྙན	回声	1	极广胜乘中观决定	是
གླེགས་བམ	经卷	1	极广胜乘中观决定	
བཀྲ་ཤིས	吉祥	1	极广胜乘中观决定	
ཟླ་ཟེར	月光	1	极广胜乘中观决定	
རླབས་ཆེན	广大	1	极广胜乘中观决定	
གཟུ་ལུམ	杜撰	1	宝性论大疏	
མཁྱེན་རབ	智慧	1	宝性论大疏	
སྐྱེས་བུ་མཆོག	大士	1	宝性论大疏	
འཇམ་པའི་དབྱངས	妙音	1	宝性论大疏	
ས་གསུམ	三地	1	宝性论大疏	
ཕྱག་འཚལ	顶礼	1	宝性论大疏	是
རྙེད་པ	难得	1	宝性论大疏	是
ཀུན་སྤྱོད	行为	1	宝性论大疏	
དལ་འབྱོར	暇满	1	宝性论大疏	
སྦྱོར་ལམ་དྲོད	加行道暖位	1	宝性论大疏	
ངེས་འབྱེད	加行道	1	宝性论大疏	
སྦས་དོན	隐义	1	宝性论大疏	
འགྲེལ་ཆེན	广注	1	宝性论大疏	
སེང་གེ	狮子	1	宝性论大疏	
ཤིན་ཏུ	等于	1	宝性论大疏	
བོད་སྐད	藏语	1	宝性论大疏	
རྒྱ་གར	印度	1	宝性论大疏	
བྱ་བ	行为	1	宝性论大疏	是
ཆེན་པོ་བདུན	所缘大	1	宝性论大疏	
ཀུན་རྫོབ་པ	世俗法	1	宝性论大疏	
རྒྱུ་འབྲས་ཀྱི་འབྲེལ་བ	因果相属	1	宝性论大疏	
སྐྱེད་བྱེད	之因	1	宝性论大疏	是
སྲིད་པ	生死流转	1	宝性论大疏	
ཞེ་ན	若说	1	宝性论大疏	是
དེ་འོག	以下	1	宝性论大疏	是
བརྗོད་དུ་མེད་པ	不可言说	1	宝性论大疏	
རང་མཚན	自相	1	宝性论大疏	
སྒོམ་བྱུང	修成	1	宝性论大疏	是
ལས་མ	而言	1	宝性论大疏	
དེ་དོན	因此	1	宝性论大疏	
ཕྱག་འཚལ་བ	礼拜	1	宝性论大疏	
ཉག་གཅིག	单独	1	宝性论大疏	
ལག་ལྡན	具手	1	宝性论大疏	
རྡོ་རྗེ་འཆང	金刚持	1	宝性论大疏	
མི་མཐུན་པ	不同	1	宝性论大疏	
མཛད་པ	所作	1	宝性论大疏	是
རྒྱས་བཤད	广说	1	宝性论大疏	
རྩ་ཚིག	正文	1	宝性论大疏	
ཞར་བྱུང	附带	1	宝性论大疏	
དབང་བཅུ	十自在	1	宝性论大疏	是
སངས་རྒྱས	觉者	1	宝性论大疏	是
གནས་པ	弟子	1	宝性论大疏	
སོ་སོ་ཡང་དག་པར་རིག་པ་བཞི	四无碍解	1	宝性论大疏	
ཆོས་ཀྱི་རྒྱལ་ཚབ	补处	1	宝性论大疏	
ཕྱི་མ	未来	1	宝性论大疏	是
དེ་མ་ཐག་ཏུ	随即	1	宝性论大疏	
དང་ལྡན་པ	具有	1	宝性论大疏	是
བར་སྣང	虚空	1	宝性论大疏	是
མེ་ཏོག་སིལ་མ	花瓣	1	宝性论大疏	
དཀྱིལ་འཁོར	庄严	1	宝性论大疏	
རིན་པོ་ཆེའི་ཏོག	宝顶	1	宝性论大疏	
ཨ་ཀ་རུ	沉香	1	宝性论大疏	
བཀྲམ་པ	散发	1	宝性论大疏	
གཞལ་མེད་ཁང	无量宫	1	宝性论大疏	
རྟ་བབས	牌坊	1	宝性论大疏	
ན་བཟའ	衣服	1	宝性论大疏	
བྱམས་པའི་སེམས	慈心	1	宝性论大疏	
རོལ་པ	游戏	1	宝性论大疏	是
རེ་རེ	一一	1	宝性论大疏	是
ཕྱོགས་བཅུ	十方	1	宝性论大疏	
བླ་རེ	华盖	1	宝性论大疏	
དཔལ་གྱི་སྙིང་པོ	吉祥藏	1	宝性论大疏	
མཛོད་སྤུ	眉间白毫	1	宝性论大疏	
ཤིང་ཏ་ལ	多罗树	1	宝性论大疏	
འདི་ལྟ་སྟེ	如下	1	宝性论大疏	是
འབྱུང་གནས	生处	1	宝性论大疏	
གསོལ་བ	启请	1	宝性论大疏	
ཕན་ཚུན	辗转	1	宝性论大疏	是
རིགས་ཀྱི་བུ་མོ	善女人	1	宝性论大疏	
འདི་ལྟ་བུ	如是	1	宝性论大疏	
སྲས་ཀྱི་ཐུ་བོ	长子	1	宝性论大疏	
སྣང་བ	放光	1	宝性论大疏	是
ཞུ་བ	请问	1	宝性论大疏	
རྣམ་འདྲེན	导师	1	宝性论大疏	
འདྲེན་པ	导师	1	宝性论大疏	
དམ་པ	最上	1	宝性论大疏	
སྦྱང་བྱ	所净	1	宝性论大疏	
བརྟན་གཡོ	动静世间	1	宝性论大疏	
བརྟག་དཔྱད	观察	1	宝性论大疏	
བྱང་ཆུབ་སེམས་དཔའི་ས་བཅུ	菩萨十地	1	宝性论大疏	
རྡོ་དྲེག	石垢	1	宝性论大疏	
ནོར་བུ	珍宝	1	宝性论大疏	
སྨན་ཆེན	大药	1	宝性论大疏	
སྐྱེས་པ	男子	1	宝性论大疏	
འཕགས་པའི་ཆོས	圣法	1	宝性论大疏	
འཆི་བ་མི་རྟག་པ	死无常	1	宝性论大疏	
སྲིད་པའི་རྩ་བ	三有之根	1	宝性论大疏	
ཡུལ་གསུམ	三境	1	宝性论大疏	
ཞེ་ན	之后	1	宝性论大疏	是
རིམ་པ་གཉིས	二次第	1	宝性论大疏	
ཕ་རོལ་ཏུ་ཕྱིན་པ	慧度	1	宝性论大疏	是
དབང་རྟུལ	钝根	1	宝性论大疏	
ཡོན་གནས	福田	1	宝性论大疏	
གཞན་སྟོང	圆成实	1	宝性论大疏	
བདེན་གྲུབ	谛实有	1	宝性论大疏	是
མུ་ཅོར	妄言	1	宝性论大疏	
བསླབ་པ་གསུམ	慧三学	1	宝性论大疏	
བློ་གྲོས	愚痴	1	宝性论大疏	是
ང་རྒྱལ་བདུན	我慢	1	宝性论大疏	
ཕ་རོལ་ཏུ་ཕྱིན་པ་དྲུག	六度	1	宝性论大疏	
གཟོ་བ	知恩	1	宝性论大疏	
ལུས་མེད	虚空	1	宝性论大疏	
སེམས་བསྐྱེད	大乘心	1	宝性论大疏	是
བཤད་ཚུལ	说法	1	宝性论大疏	
སྐྱབས་སུ་འགྲོའོ	归依	1	宝性论大疏	
བརྟུལ་བ	调伏	1	宝性论大疏	
ལྡན་པ	所有	1	宝性论大疏	是
སྔོན་གྱི་སྨོན་ལམ	宿愿	1	宝性论大疏	
རེ་ཞིག	暂时	1	宝性论大疏	
མཐོང་སྤང	所断烦恼	1	宝性论大疏	是
བརྟུལ་ཞུགས་མཆོག་འཛིན	戒禁取	1	宝性论大疏	
གང་ཅི	任何	1	宝性论大疏	
ལྟ་བ་མཆོག་འཛིན	见取见	1	宝性论大疏	
མདོར་ན	乃至	1	宝性论大疏	是
རིག་པ	了解	1	宝性论大疏	是
དུས་གསུམ	过去	1	宝性论大疏	是
ཤེས་པ	根识	1	宝性论大疏	是
དེ་ལ་སོགས་པ	彼等	1	宝性论大疏	
སེམས་པ	心思	1	宝性论大疏	
རྟོག་པ	分别心	1	宝性论大疏	是
རྟོག་པ་མེད་པ	无分别	1	宝性论大疏	
ཐབས་ཀྱི་སྒོ	方便之门	1	宝性论大疏	
ཁ་གདངས	张口	1	宝性论大疏	
དམ་པ	圣善	1	宝性论大疏	
གང་ཡང	任何	1	宝性论大疏	是
ཡུལ་མི	方言	1	宝性论大疏	
འགོག་པའི་བདེན་པ	业及烦恼	1	宝性论大疏	是
འགོག་བདེན	名灭谛	1	宝性论大疏	是
རྣམ་པར་ཤེས་པ	之心	1	宝性论大疏	
བག་ཆགས	不善	1	宝性论大疏	是
ཡིད་ལ	心中	1	宝性论大疏	
འཆི་བ	自尽	1	宝性论大疏	
ཁྱད་པར	差异	1	宝性论大疏	是
ཐམས་ཅད	所有一切	1	宝性论大疏	是
འཁོར་བའི་རྩ་བ	生死根本	1	宝性论大疏	
བཙལ་བ	寻求	1	宝性论大疏	
ཅི་ལྟར	如何	1	宝性论大疏	
རུང་བ	之义	1	宝性论大疏	
ཡང་དག་པ	无倒	1	宝性论大疏	是
རྣམ་པར་རིག་པ	了知	1	宝性论大疏	
སོ་སོ་བ	各别	1	宝性论大疏	
ཇི་ལྟ་བ	法性	1	宝性论大疏	是
བཞེད་པ	主张	1	宝性论大疏	是
སྐྱེས་བུ་ཆེན་པོའི་ལམ	上士道	1	宝性论大疏	
ཐགས་མཁན	蜘蛛	1	宝性论大疏	
འཁྲུལ་བ	误失	1	宝性论大疏	是
རྩ་བ་ཤེས་རབ	中论	1	宝性论大疏	
དབུ་མ	中论	1	宝性论大疏	是
རྣམ་བཞག	分别	1	宝性论大疏	
རྒྱུད་སྡེ	续部	1	宝性论大疏	
སྡེ་སྣོད་གསུམ	三藏	1	宝性论大疏	
བསལ་བ	违越	1	宝性论大疏	
ཐ་ན	乃至	1	宝性论大疏	
གསུངས་པ	已说	1	宝性论大疏	
ཟླ་བ་ཚེས་པ	初月	1	宝性论大疏	
དབང་བཅུ	智自在	1	宝性论大疏	是
སྡོམ་པ	戒律	1	宝性论大疏	
ཁྲིམས་ལྡན	具戒	1	宝性论大疏	
ཁྱིམ་བདག	丈夫	1	宝性论大疏	是
ཆོས་ཀྱི་སྟོབས	法力	1	宝性论大疏	
ཆོས་སྲུང	护法	1	宝性论大疏	
རི་མོར་བྱེད	恭敬	1	宝性论大疏	
ལན་ཅིག་ཕྱིར་འོང	一来	1	宝性论大疏	
ཞེ་ས	恭敬	1	宝性论大疏	
ཆོས་ཉན་པ	听法	1	宝性论大疏	
ཆོས་ཀྱི་སྦྱིན་པ	法施	1	宝性论大疏	
ཉམས་ལེན	修持	1	宝性论大疏	
ཁེངས་སྐྱུང	谦逊	1	宝性论大疏	
རེ་ཙམ	少许	1	宝性论大疏	
ངེས་འབྱུང	厌离	1	宝性论大疏	是
འགའ་ཞིག	少许	1	宝性论大疏	
དགེ་འདུན	僧众	1	宝性论大疏	
ཐེག་པ་གསུམ	声闻	1	宝性论大疏	是
རྐང་གཉིས	两足	1	宝性论大疏	
ཚོགས་ཀྱི་མཆོག	众中尊	1	宝性论大疏	
གང་ཟག	故名	1	宝性论大疏	是
བསོད་ནམས་ཀྱི་ཞིང	福田	1	宝性论大疏	
ཝ་སྐྱེས	野干	1	宝性论大疏	
འགོག་པ	寂灭	1	宝性论大疏	
མཆོག་མ	殊胜	1	宝性论大疏	
འཁར་བ	手杖	1	宝性论大疏	
བཤད་པ	论说	1	宝性论大疏	是
དེ་དང་དེ	种种	1	宝性论大疏	是
ཐེ་ཚོམ	怀疑	1	宝性论大疏	
དམ་པའི་ཆོས	妙法	1	宝性论大疏	是
གྲགས་པ	声誉	1	宝性论大疏	
སྐྱེ་བ་མེད་པ	不生	1	宝性论大疏	是
གཡུང་དྲུང	坚固	1	宝性论大疏	
རིན་པོ་ཆེ	珍宝	1	宝性论大疏	
བཅོས་མ	虚假	1	宝性论大疏	
ལྟར་སྣང	相似	1	宝性论大疏	
རློམ་པ	自诩	1	宝性论大疏	
རྣམ་པ	各自	1	宝性论大疏	是
དྲི་མ་མེད་པ	无垢佛	1	宝性论大疏	是
རི་རབ	须弥山	1	宝性论大疏	
གླིང་བཞི	南瞻部洲	1	宝性论大疏	是
བ་ལང་སྤྱོད	西牛货洲	1	宝性论大疏	
སྒྲ་མི་སྙན	俱卢洲	1	宝性论大疏	
ལུས་འཕགས	东胜身洲	1	宝性论大疏	
ཕྱི་རབས	后世	1	宝性论大疏	是
མི་སྲིད་པ	非有	1	宝性论大疏	
སྟོང་གསུམ	三千世界	1	宝性论大疏	是
རྨོངས་པ	愚昧	1	宝性论大疏	是
རེ་ཞིག	且止	1	宝性论大疏	
ཐ་དད་པ	各各	1	宝性论大疏	是
ཡེ་ཤེས	圣智	1	宝性论大疏	是
འཕགས་པའི་ཡེ་ཤེས	圣智	1	宝性论大疏	
མདོར་བསྡུས	总略	1	宝性论大疏	是
དེ་ཁོ་ན་ཉིད་ཀྱི་དོན	真实义	1	宝性论大疏	
གཏན་ལ་ཕབ་པ	已抉择	1	宝性论大疏	
མཐར་གྱིས	依次	1	宝性论大疏	
ཐོགས་མེད	摄大乘论	1	宝性论大疏	是
དེས་ན	若尔	1	宝性论大疏	是
མཚུངས་པ	相等	1	宝性论大疏	是
ཐེར་ཟུག	坚固	1	宝性论大疏	
རྫ་མཁན	陶师	1	宝性论大疏	
ནོན་པ	耽着	1	宝性论大疏	
རིན་ཐང	无价宝	1	宝性论大疏	
དེ་ཁོ་ན་ཉིད	空性	1	宝性论大疏	
རྟག་པ་ཉིད	常性	1	宝性论大疏	
དོན་ཚན	类别	1	宝性论大疏	
བཅུ་པོ	十者	1	宝性论大疏	
བརྩེ་བ	悲心	1	宝性论大疏	是
འགྱུར་བ	变成	1	宝性论大疏	是
རེ་རེ	各别	1	宝性论大疏	是
སྐྱེ་བ	变成	1	宝性论大疏	是
མཐུན་རྐྱེན	顺缘	1	宝性论大疏	
ཐོབ་པ	法之一	1	宝性论大疏	是
གང་ཟག་གི་བདག	人我	1	宝性论大疏	是
རང་ཉིད	独自	1	宝性论大疏	是
སྲིད་པ	中有	1	宝性论大疏	
སྡེ་སྣོད	之器	1	宝性论大疏	
ཀུན་ཏུ་རྒྱུ	外道	1	宝性论大疏	
གཅེར་བུ	裸体	1	宝性论大疏	
དགག་པ	无我	1	宝性论大疏	
ཐམས་ཅད་མཁྱེན་པ་ཉིད	一切智	1	宝性论大疏	
གཞི་མེད	空性	1	宝性论大疏	是
སྟོང་པ་ཉིད་དུ་ལྟ་བ	观空性	1	宝性论大疏	
དེ་དག	彼二	1	宝性论大疏	是
ཕལ་བ	普通	1	宝性论大疏	
ནམ་མཁའ་མཛོད་ཀྱི་ཏིང་ངེ་འཛིན	虚空藏三摩地	1	宝性论大疏	
ཞི་གནས	三摩地	1	宝性论大疏	是
འདུན་པ	欲乐	1	宝性论大疏	是
དང་བའི་དད་པ	净信	1	宝性论大疏	
མཁན་པོ	亲教师	1	宝性论大疏	
ཧྭ་ཤང	和尚	1	宝性论大疏	
རྒྱ་ནག	汉地	1	宝性论大疏	
ནུབ་ཕྱོགས	西方	1	宝性论大疏	
ཤར་ཕྱོགས	东方	1	宝性论大疏	
མུ་མཐའ	边际	1	宝性论大疏	
དེ་བཞིན་གཤེགས་པའི་ཆོས་སྐུ	如来法身	1	宝性论大疏	
བདུན་ཕྲག	七日	1	宝性论大疏	
བར་སྲིད	中有	1	宝性论大疏	
ཀུན་ཏུ་སྤྱོད་པ	行为	1	宝性论大疏	
དེ་སྙེད	乃至	1	宝性论大疏	
ཉོན་མོངས་པའི་ཀུན་ནས་ཉོན་མོངས་པ	烦恼杂染	1	宝性论大疏	
ཀུན་ནས་ཉོན་མོངས་པ	染污	1	宝性论大疏	是
ཉན་ཐོས་ཀྱི་ས	声闻地	1	宝性论大疏	
སྤྲོས་པ	远离戏论	1	宝性论大疏	是
གྲོལ་བ	涅槃	1	宝性论大疏	是
འཁོར་འདས	有寂	1	宝性论大疏	是
རྒྱུ་གཉིས	二种	1	宝性论大疏	是
འདུ་བྱེད	行为	1	宝性论大疏	
ཐབས་ཤེས	方便智慧	1	宝性论大疏	
ཞི་བ	涅槃	1	宝性论大疏	是
མྱ་ངན	苦恼	1	宝性论大疏	
བརྩེ་ལྡན	菩萨	1	宝性论大疏	
སྲེད་པ	断贪	1	宝性论大疏	
སྔ་མ	先前	1	宝性论大疏	
འཁོར་བའི་སྐྱོན	生死过患	1	宝性论大疏	
ཐར་པ་ཆ་མཐུན	顺解脱分	1	宝性论大疏	
འཁོར་ལོ་བཞི	四轮	1	宝性论大疏	
སྐྱེས་བུ་དམ་པ	正士	1	宝性论大疏	
བསོད་ནམས	积福	1	宝性论大疏	是
ཉན་ཐོས་ཀྱི་རིགས་ཅན	伽罗	1	宝性论大疏	
ཐོས་པ	经教	1	宝性论大疏	是
ཐ་ན	下至	1	宝性论大疏	
དུས་གཞན	别时	1	宝性论大疏	
ཕྱི་མ	后来	1	宝性论大疏	是
ས་བོན	麦种	1	宝性论大疏	是
ཐར་ལམ	解脱道	1	宝性论大疏	
དངོས་པོ	有事	1	宝性论大疏	是
ཅེ་ན	之后	1	宝性论大疏	是
ཕན་ཆད་དུ	以后	1	宝性论大疏	
སྔོན་པོ	青色	1	宝性论大疏	
ཕྱི་མཐའ	以后	1	宝性论大疏	
གསལ་བ	后陈	1	宝性论大疏	是
ཡོད་པ	定有	1	宝性论大疏	是
དཔྱད་ཤེས	伺察识	1	宝性论大疏	
ཐབས་ཤེས	方便	1	宝性论大疏	
ཐབས་མེད	不可	1	宝性论大疏	
ཅེ་ན	如云	1	宝性论大疏	是
རུང་བ	堪能	1	宝性论大疏	
མི་སྲིད་པ	无有	1	宝性论大疏	
གཤེར་བ	湿润	1	宝性论大疏	
མངོན་ཤེས་ལྔ	五通	1	宝性论大疏	
ཟག་པ་ཟད་པ	无垢	1	宝性论大疏	是
ལྡོག་པ	颠倒	1	宝性论大疏	
སྤྱིའི་མཚན་ཉིད	无常等	1	宝性论大疏	
ཐ་དད	别异	1	宝性论大疏	
བྱིས་པ	异生	1	宝性论大疏	是
དེ་བཞིན་ཉིད་གསུམ	三真如	1	宝性论大疏	
བདེན་པ	真理	1	宝性论大疏	是
སྡོད་ལུགས	真理	1	宝性论大疏	
ཟག་པ	不净	1	宝性论大疏	是
འཁོར་བའི་རྒྱུན	生死流	1	宝性论大疏	
ཆོས་ཕུང	法蕴	1	宝性论大疏	
དྲི་བྲལ	无垢	1	宝性论大疏	
ཡི་གེ	文字	1	宝性论大疏	
རེག་བྱ	取境	1	宝性论大疏	
མངོན་སུམ	根现量	1	宝性论大疏	是
གཟུང་ཡུལ	所取境	1	宝性论大疏	
མིག་གི་དབང་པོ	眼根	1	宝性论大疏	
རྟེན་བྱེད	能依	1	宝性论大疏	
མི་བརྟན་པ	不坚固	1	宝性论大疏	
ཆུ་ཁམས	水界	1	宝性论大疏	
ཁམས་བཞི	四界	1	宝性论大疏	
སའི་ཁམས	地界	1	宝性论大疏	
རིགས་མཐུན	同类	1	宝性论大疏	
སྤྱོད་པ	行为	1	宝性论大疏	是
སྐྱེ་བའི་སྡུག་བསྔལ	生苦	1	宝性论大疏	
སྲིད་པའི་ཟག་པ	有漏	1	宝性论大疏	
ཞི་བར་བྱེད་པ	寂静	1	宝性论大疏	
འདོད་པའི་ཟག་པ	欲漏	1	宝性论大疏	
གཟུགས་ཁམས	色界	1	宝性论大疏	
བསྐྱེད་པ	发心	1	宝性论大疏	
མ་སྐྱེས་པ	不生	1	宝性论大疏	
སྙིང་པོ་མེད་པ	无坚实	1	宝性论大疏	
སླད་དུ	是故	1	宝性论大疏	是
སྙིང་རྗེ་ཆེན་པོའི་སྟོབས	大悲力	1	宝性论大疏	
ཤེས་རབ་ཀྱི་སྟོབས	慧力	1	宝性论大疏	
སྡུག་པ	悦意	1	宝性论大疏	是
ཁམས་གསུམ	欲界	1	宝性论大疏	是
བྱང་ཆུབ་ཀྱི་ཡན་ལག	菩提分	1	宝性论大疏	
དོན་གཞན	别义	1	宝性论大疏	
འབའ་ཞིག	单纯	1	宝性论大疏	
འཚམ་པ	适合	1	宝性论大疏	
སྲིད་པ	世间	1	宝性论大疏	
ཕ་རོལ་ཏུ་ཕྱིན་པ་དྲུག	六波罗蜜多	1	宝性论大疏	
ཚུལ་འཆལ	犯戒	1	宝性论大疏	
འདུ་བྱེད་པ	有所为	1	宝性论大疏	
ཞི་བ	自在	1	宝性论大疏	是
བྱེ་བྲག	不同	1	宝性论大疏	是
དེད་དཔོན	商主	1	宝性论大疏	
གང་དག	所有	1	宝性论大疏	是
སྡོམ་པ	断除	1	宝性论大疏	
རྟག་པ	虚空	1	宝性论大疏	是
གྲངས་ཅན་པ	数论师	1	宝性论大疏	
གཙོ་བོ	胜性	1	宝性论大疏	是
བདེན་པ	实事	1	宝性论大疏	是
དཔལ་དུས་ཀྱི་འཁོར་ལོ	吉祥时轮	1	宝性论大疏	
རྣམ་ཀུན་མཆོག་ལྡན	时轮	1	宝性论大疏	
ཕར་ཕྱིན་དྲུག	布施	1	宝性论大疏	
སེར་སྣ	悭吝	1	宝性论大疏	
མི་གཡོ་བ	不动	1	宝性论大疏	
ཆོས་ཤེས	法智	1	宝性论大疏	
ཤེས་པ	知道	1	宝性论大疏	是
གསང་སྔགས	密咒	1	宝性论大疏	
གྲངས་མེད་པ	无量	1	宝性论大疏	是
ཉེ་བར་གནས་པ	现前	1	宝性论大疏	
ཐོག་མ་མེད་པ	无始时	1	宝性论大疏	是
མཚོན་བྱེད	能表	1	宝性论大疏	
ཚན་གཅིག	一类	1	宝性论大疏	
སྐྱེ་ཤིང	树木	1	宝性论大疏	
ངོ་བོ	本性	1	宝性论大疏	是
རང་བཞིན	变质	1	宝性论大疏	是
མི་བདག	人主	1	宝性论大疏	
མནར་མེད	无间地狱	1	宝性论大疏	是
མཐའ་དག	全部	1	宝性论大疏	是
གཏན་ནས	毕竟	1	宝性论大疏	
ཁྱིམ་ནང	家中	1	宝性论大疏	
ཨ་མྲ	庵摩罗果	1	宝性论大疏	
དུད་འགྲོ	畜生	1	宝性论大疏	是
གཟུགས་ངན	丑陋	1	宝性论大疏	
མགོན་མེད	无依	1	宝性论大疏	
གོང་འོག	上下	1	宝性论大疏	
གསེར་ཞུན་མ	熔金	1	宝性论大疏	
རིན་ཆེན་འབྱུང་གནས	宝源	1	宝性论大疏	
སེལ་བ	清除	1	宝性论大疏	
ལྷན་ཅིག་སྐྱེས་པ	俱生	1	宝性论大疏	
བསོད་ནམས་ཀྱི་ལས	福业	1	宝性论大疏	
ཁམས་གོང་མ་གཉིས	上二界	1	宝性论大疏	
མཐའ་ལས་འདས་པ	无边	1	宝性论大疏	
ལྷག་མ	剩余	1	宝性论大疏	是
ཉོན་མོངས་པ་ཅན་གྱི་ཡིད	染污意	1	宝性论大疏	
ཅི་ཡང་མེད་པ	无所有	1	宝性论大疏	
འཇིག་རྟེན་པའི་ལམ	世间道	1	宝性论大疏	
དངོས་གཞི	正行	1	宝性论大疏	
ཆོས་སྟོན	说法者	1	宝性论大疏	
དེ་ལྟར	如前	1	宝性论大疏	是
དོན་དངོས	实际	1	宝性论大疏	
ལྡོག་ཕྱོགས	反面	1	宝性论大疏	
སྙོམས་པར་འཇུག་པ	入定	1	宝性论大疏	
ཕྱིན་ཆད	今后	1	宝性论大疏	
ཐོག་མ	最初	1	宝性论大疏	
ཕྲ་མོ	微尘	1	宝性论大疏	是
སོ་སོར་བརྟགས་འགོག	择灭	1	宝性论大疏	
མངོན་པ	阿毗达磨	1	宝性论大疏	
མཐའ་མ	最后	1	宝性论大疏	
མཛོ་སྦྲེལ	双牛	1	宝性论大疏	
ལྡོག་པ	反体	1	宝性论大疏	
རྗེས་ཤེས	类智	1	宝性论大疏	
རྗེས་བཟོད	类忍	1	宝性论大疏	
ཆོས་ཀྱི་བཟོད་པ	法忍	1	宝性论大疏	
ཆོས་བཟོད	法忍	1	宝性论大疏	
སྒོ་ངའི་སྦུབས	卵壳	1	宝性论大疏	
ཡིད་དགའ	心欢喜	1	宝性论大疏	
འདམ་ལས་སྐྱེས་པ	泥生	1	宝性论大疏	
སྔོན་གྱི་ལས	宿业	1	宝性论大疏	
གསུང་རབ་ཡན་ལག་བཅུ་གཉིས	应颂	1	宝性论大疏	
ཤུན་པ	皮壳	1	宝性论大疏	
ཁ་ན་མ་ཐོ་བ	无罪	1	宝性论大疏	
བརྟེན་པ	不变	1	宝性论大疏	
མཁྱེན་པ	现知	1	宝性论大疏	是
འབྲས་བུའི་ཤིང	果树	1	宝性论大疏	
མཚན་དཔེ	相好	1	宝性论大疏	
དེས་ན	是故	1	宝性论大疏	是
སླད་དུ	因此	1	宝性论大疏	是
བཤད་པ	解说	1	宝性论大疏	是
ཁྱབ་བྱེད	能遍	1	宝性论大疏	
ཚད་མ	真实	1	宝性论大疏	
སྦྱོར་ལམ་བཟོད་པ	加行道忍位	1	宝性论大疏	
སྟོན་པ	显示	1	宝性论大疏	是
ཁྱད་པར	特别	1	宝性论大疏	是
དོན་དུ	为此	1	宝性论大疏	是
རྟག་པ	平等性	1	宝性论大疏	是
བདག་ཏུ་འཛིན་པ	我执	1	宝性论大疏	
གྱོ་མོ	砂砾	1	宝性论大疏	
གསེག་མ	砂砾	1	宝性论大疏	
གཡེངས་པ	散乱	1	宝性论大疏	
ལྟ་བ	见解	1	宝性论大疏	是
སེམས་ཙམ་པ	唯识师	1	宝性论大疏	
ཅེས་བྱ་བ	名为	1	宝性论大疏	
རང་ལུགས	建立自宗	1	宝性论大疏	
སེམས་གཡེངས་པ	心散乱	1	宝性论大疏	
འགའ་ཡང་མེད	全无	1	宝性论大疏	
དོན་དམ་པ་སྟོང་པ་ཉིད	胜义空	1	宝性论大疏	
སྒྲོ་སྐུར	增损	1	宝性论大疏	
མཐོང་རྒྱ	见识	1	宝性论大疏	
ཆགས་པ	无贪	1	宝性论大疏	是
དངོས་བསྟན	明说	1	宝性论大疏	
ཡང་དག་མཐའ	实际	1	宝性论大疏	是
མོ་གཤམ	石女	1	宝性论大疏	
འདི་ཡིན་འདི་མིན	此是此非	1	宝性论大疏	
དེ་དག	如是一切	1	宝性论大疏	是
གཏེར་ཆེན	大宝藏	1	宝性论大疏	
ཇི་བཞིན	相似	1	宝性论大疏	是
བརྒྱད་སྟོང་པ	八千颂	1	宝性论大疏	
སློབ་པ	学习	1	宝性论大疏	是
ཅི་ཡང	任何	1	宝性论大疏	
ལོངས་སྤྱད་པ	受用	1	宝性论大疏	
སྤྲུལ་པ	幻化	1	宝性论大疏	是
བྱམས་སྙིང་རྗེ	慈悲	1	宝性论大疏	
ཞུམ་པ	心怯	1	宝性论大疏	
སྐྱེད་པ	发菩提心	1	宝性论大疏	
རྐྱེན་གྱིས	缘起	1	宝性论大疏	
གང་ཞེ་ན	云何名为	1	宝性论大疏	是
དོགས་པ	疑惑	1	宝性论大疏	
རྟོགས་པ་ཕུན་ཚོགས	证圆满	1	宝性论大疏	
བརྗོད་པ	如云	1	宝性论大疏	是
ཁྱུ་མཆོག	众中尊	1	宝性论大疏	是
ས་བདག	国王	1	宝性论大疏	
སྐུ་ཡོན	功德	1	宝性论大疏	
རིན་པོ་ཆེ	宝藏	1	宝性论大疏	
རྒྱལ་པོ	国王	1	宝性论大疏	
ཕུལ་དུ་བྱུང་བ	殊胜	1	宝性论大疏	
ཤུན་པ	糠秕	1	宝性论大疏	
སོ་སོ	各自	1	宝性论大疏	是
ལུས་ཤེས	身识	1	宝性论大疏	
མིག་ཤེས	眼识	1	宝性论大疏	
འཕགས་པ་ཆེན་པོ	大圣	1	宝性论大疏	
འབྱུང་བ་བཞི	四大	1	宝性论大疏	
ཡུལ་དྲུག	六境	1	宝性论大疏	
ཉེས་སྐྱོན	过失	1	宝性论大疏	
ཐོས་པ	见闻	1	宝性论大疏	是
སྐྱེད་བྱེད་ཀྱི་རྒྱུ	能生因	1	宝性论大疏	
སྒྲིམ་པ	策励	1	宝性论大疏	
རྟག་པ	如虚空	1	宝性论大疏	是
བཅོ་ལྔ	十五	1	宝性论大疏	
ཡུད་ཙམ	须臾	1	宝性论大疏	
བསམ་པའི་ཤེས་རབ	思慧	1	宝性论大疏	
རྟོག་དཔྱོད	寻伺	1	宝性论大疏	
བདེ་བ	安乐	1	宝性论大疏	是
དངོས་རྒྱུ	亲因	1	宝性论大疏	
ཆུབ་པ	圆满	1	宝性论大疏	
འགའ་ཞིག	少分	1	宝性论大疏	
སྔ་དྲོ	上午	1	宝性论大疏	
ཕྱི་དྲོ	下午	1	宝性论大疏	
མཚན་བཟང་པོ་སུམ་ཅུ་རྩ་གཉིས	三十二相	1	宝性论大疏	
མཚན་དཔེ	三十二相	1	宝性论大疏	
སྐུ་བཞི	智慧法身	1	宝性论大疏	
སེན་མོ	指甲	1	宝性论大疏	
བརྒྱད་ཅུ	八十	1	宝性论大疏	
ཁ་ན་མ་ཐོ་བ	罪过	1	宝性论大疏	
གཏོང་བ	布施	1	宝性论大疏	
ཐ་མི་དད་པ	无差别	1	宝性论大疏	
ཡོན་ཏན་ལྔ	五功德	1	宝性论大疏	是
མི་འཆད་པ	不断	1	宝性论大疏	
འདོད་པ	满足	1	宝性论大疏	是
མ་གྲུབ་པ	无自性	1	宝性论大疏	
མངོན་པར་འདུ་བྱེད་པ	造作	1	宝性论大疏	
རྩྭ་མཆོག	上茅	1	宝性论大疏	
བསྙེན་རྫོགས	近圆	1	宝性论大疏	
སྒྱུ་རྩལ	技艺	1	宝性论大疏	
སྐྱེ་བ	降生	1	宝性论大疏	是
བལྟམས་པ	降生	1	宝性论大疏	
དཀར་པོ	白莲	1	宝性论大疏	
བཀར་བཏགས	法印	1	宝性论大疏	
སྦྱོར་ལམ	加行道	1	宝性论大疏	
གྲངས་མེད་པ	阿僧祗	1	宝性论大疏	是
རྩ་བ་ཤེས་རབ	空性	1	宝性论大疏	
རིགས་པ	道理	1	宝性论大疏	是
མདོར་བསྡུས	简略	1	宝性论大疏	是
ཐེག་ཆེན་གྱི་ལམ	大乘道	1	宝性论大疏	
ཟད་མི་ཤེས་པ	无尽	1	宝性论大疏	
མཐའ་གཉིས	槃二边	1	宝性论大疏	是
འཆི་བདག	死主	1	宝性论大疏	
ཞི་བའི་གནས	寂静处	1	宝性论大疏	
ཕན་བདེ	利乐	1	宝性论大疏	
གོང་ན་མེད་པ	无上	1	宝性论大疏	
དཔག་བྱ	所比度	1	宝性论大疏	
བྱང་ཆུབ་གསུམ	三菩提	1	宝性论大疏	
སྔ་མ	往昔	1	宝性论大疏	
བདེན་པ	圣谛	1	宝性论大疏	是
ནགས་སྟུག	密林	1	宝性论大疏	
སྐྲག་པ	畏惧	1	宝性论大疏	
འཇིགས་པ	畏惧	1	宝性论大疏	是
རི་དྭགས་དབང་པོ	兽王	1	宝性论大疏	
ལམ་ལོག	歧途	1	宝性论大疏	
སྤྱོད་པས་བསྡུས་པ་དྲུག	行所摄六	1	宝性论大疏	
འདུན་པ	之心	1	宝性论大疏	是
བཏང་སྙོམས	之心	1	宝性论大疏	
ཐོགས་པ	滞碍	1	宝性论大疏	
གཟུགས་ཅན	有色	1	宝性论大疏	
མཚུངས་པ	等同	1	宝性论大疏	是
སོར་མོ	足指	1	宝性论大疏	
སོར་མོ	相连	1	宝性论大疏	
འཇམ་པ	柔软	1	宝性论大疏	
གསང་ཚིག	秘密语	1	宝性论大疏	
གསང་གནས	秘密	1	宝性论大疏	
རྒྱས་པ	广大	1	宝性论大疏	
རོ་སྟོད	上身	1	宝性论大疏	
མཐོ་དམན	高低	1	宝性论大疏	
དགེ་བ་བཅུ	十善	1	宝性论大疏	
བཞི་བཅུ	四十	1	宝性论大疏	
བླ་འོག	上下	1	宝性论大疏	
མཉམ་པ	平齐	1	宝性论大疏	是
རིང་ཐུང	长短	1	宝性论大疏	
ལས་གསུམ	三业	1	宝性论大疏	
ཚངས་པའི་དབྱངས	梵音	1	宝性论大疏	
འབྱེས་པ	分明	1	宝性论大疏	
དཀར་ནག	黑白分明	1	宝性论大疏	
རྫི་མ	睫毛	1	宝性论大疏	
གཙུག་ཏོར	顶髻	1	宝性论大疏	
སེམས་ལས་སུ་རུང་བ	心堪能	1	宝性论大疏	
དབུ་སྐྲ	头发	1	宝性论大疏	
ཆུ་ཞེང་གབ་པ	六合平整	1	宝性论大疏	
ཀུན་ཏུ་བཟང་པོ	普贤	1	宝性论大疏	
མི་དབང	人王	1	宝性论大疏	
གོ་ཆ	铠甲	1	宝性论大疏	
རྡོ་རྗེ	不坏	1	宝性论大疏	是
བསམ་པ	意乐坚固	1	宝性论大疏	
རྩལ་ལྡན	具力	1	宝性论大疏	
འདས་པ	出世	1	宝性论大疏	是
འཇིག་རྟེན་ལས་འདས	超出世间	1	宝性论大疏	是
ཡིད་ཚིམ	满足	1	宝性论大疏	
རྒྱས་པ	增长	1	宝性论大疏	
ཉི་འོད	日光	1	宝性论大疏	
འབྲས་བུའི་ཐེག་པ	果乘	1	宝性论大疏	
རྒྱུའི་ཐེག་པ	因乘	1	宝性论大疏	
དུས་གང	何时	1	宝性论大疏	
བྱེད་པ	如云	1	宝性论大疏	是
དཔེ་གཉིས	二喻	1	宝性论大疏	
སྟོན་པ	表示	1	宝性论大疏	是
སོམ་ཉི	疑惑	1	宝性论大疏	
ས་སྟེང	地面	1	宝性论大疏	是
གཞལ་ཡས	无量	1	宝性论大疏	
ཁང་བཟང	无量宫	1	宝性论大疏	
ལྷ་གནས	天界	1	宝性论大疏	
ལྷའི་དབང་པོ	天王	1	宝性论大疏	是
བསྙེན་གནས	近住戒	1	宝性论大疏	
བསོད་སྙོམས	乞食	1	宝性论大疏	
ངམ་གྲོག	深渊	1	宝性论大疏	
ཕྱོགས་པ	显现	1	宝性论大疏	
བསྙེན་གནས	近住	1	宝性论大疏	
བུད་མེད	女人	1	宝性论大疏	
ཐུབ་དབང	能仁	1	宝性论大疏	
ཉེ་བར་འཚེ་བ	损害	1	宝性论大疏	
རྔ་བོ་ཆེ	大鼓	1	宝性论大疏	
སུམ་ཅུ་རྩ་གསུམ	三十三天	1	宝性论大疏	
ཟླུམ་པོ	圆形	1	宝性论大疏	
ལྷའི་གྲོང	天城	1	宝性论大疏	
མི་འཇིགས་པ་སྦྱིན་པ	无畏施	1	宝性论大疏	
ཕྲག་དོག	烦恼嫉妒	1	宝性论大疏	
རྗེས་སུ	随后	1	宝性论大疏	
ཅིའི་ཕྱིར	何故	1	宝性论大疏	
ཕན་པ	饶益	1	宝性论大疏	
དགའ་བ	喜乐	1	宝性论大疏	是
རྒོད་པ	掉举	1	宝性论大疏	
རྗེས་སུ་སྟོན་པ	教诫	1	宝性论大疏	
ཆོ་འཕྲུལ་གསུམ	神境神变	1	宝性论大疏	是
རྗེས་སུ་བསྟན་པའི་ཆོ་འཕྲུལ	教诫神变	1	宝性论大疏	
ཟབ་པ	微细	1	宝性论大疏	
ཆུའི་ཕུང་པོ	水蕴	1	宝性论大疏	
སྙིང་པོ	中央	1	宝性论大疏	
དཔའ་བར་འགྲོ་བ	健行	1	宝性论大疏	
བསིལ་བ	清凉	1	宝性论大疏	
བསླབ་པ་གསུམ	三学	1	宝性论大疏	
སྤྲིན་གྱི་སྙིང་པོ	云藏	1	宝性论大疏	
སྡང་བ	瞋恨	1	宝性论大疏	
བཏང་སྙོམས	中庸	1	宝性论大疏	
འབར་བ	增长	1	宝性论大疏	
མི་དགའ་བ	不喜	1	宝性论大疏	
སྡུག་པ	愁苦	1	宝性论大疏	是
རི་སུལ	沟壑	1	宝性论大疏	
གྲོག་སྦུར	蝼蚁	1	宝性论大疏	
ཐིགས་པ	雨点	1	宝性论大疏	
དོན་གཉེར	追求	1	宝性论大疏	是
ཞན་པ	下劣	1	宝性论大疏	
སྤྲུལ་སྐུ	化身	1	宝性论大疏	
མི་སྣང་བ	不现	1	宝性论大疏	
སངས་རྒྱས་རྗེས་སུ་དྲན་པ	随念佛	1	宝性论大疏	
ཐོ་རངས	黎明	1	宝性论大疏	
ཀུན་གསལ	虚空	1	宝性论大疏	
ངེས་ལེགས	解脱	1	宝性论大疏	
དོན་མེད	无益	1	宝性论大疏	
བློ་གསལ	明慧	1	宝性论大疏	
ཟས་གོས	衣食	1	宝性论大疏	
ཐ་དད་པ	分别	1	宝性论大疏	是
བར་སྣང	空中	1	宝性论大疏	是
འདའ་བ	超越	1	宝性论大疏	是
བརྟན་པ	大地	1	宝性论大疏	
ལ་སོགས་པ	等等	1	宝性论大疏	
རང་བཞིན་གྱི་གཏན་ཚིགས	自性因	1	宝性论大疏	
མཐུན་དཔེ	同喻	1	宝性论大疏	
ཚངས་པ	清净	1	宝性论大疏	是
ཕྱི་རོལ	外界	1	宝性论大疏	
འབྱུང་བ	出现	1	宝性论大疏	是
སྤྲིན་ཆེན	大云	1	宝性论大疏	
ཆོས་ཀྱི་སྡོམ་བཞི	四法印	1	宝性论大疏	
བདེ་བ	帝释	1	宝性论大疏	是
འཕྲིན་ལས	善业	1	宝性论大疏	是
མཐར་ཕྱིན་པ	圆满	1	宝性论大疏	
ཇི་སྐད	等四	1	宝性论大疏	是
རྒྱུན་མི་འཆད	不间断	1	宝性论大疏	是
ཀུན་སློང	发心	1	宝性论大疏	是
སྦྱིན་པ	所施	1	宝性论大疏	是
ཡིད་ཆེས་པ	信解	1	宝性论大疏	
ཁྱད་པར	尤其	1	宝性论大疏	是
མི་བརྗེད	不忘	1	宝性论大疏	
ཕར་ཕྱིན	现观庄严论	1	宝性论大疏	
སྦྱིན་བྱེད	能施	1	宝性论大疏	
སྦྱིན་པའི་ཕར་ཕྱིན	蜜多	1	宝性论大疏	
གྲུབ་པ	胜利	1	宝性论大疏	是
བྱམས་པ	慈氏	1	宝性论大疏	
ཅི་འདྲ་བ	如何	1	宝性论大疏	
དོན་སོ་སོ་ཡང་དག་པར་རིག་པ	义无碍解	1	宝性论大疏	
སོ་སོ་ཡང་དག་པར་རིག་པ་བཞི	法无碍解	1	宝性论大疏	
ལྡོག་པ	相反	1	宝性论大疏	
དྲང་སྲོང	能仁	1	宝性论大疏	是
བཀུར་སྟི	恭敬	1	宝性论大疏	
ལེགས་བཤད	善说	1	宝性论大疏	
ཆགས་སྡང	贪瞋	1	宝性论大疏	
མདོ་སྡེ	契经	1	宝性论大疏	
བཅས་པ	之义	1	宝性论大疏	
ལོག་པའི་ང་རྒྱལ	邪慢	1	宝性论大疏	
འདོད་པ	贪恋	1	宝性论大疏	是
ཟང་ཟིང	利养	1	宝性论大疏	
ལས་སྒྲིབ	业障	1	宝性论大疏	
ཉམས་པ	衰损	1	宝性论大疏	
འགྲོ་བ	恶趣	1	宝性论大疏	是
སྦྲུལ་གདུག་པ	毒蛇	1	宝性论大疏	
ལས་ཀྱི་སྒྲིབ་པ	业障	1	宝性论大疏	
གང་ཞིག	诸凡	1	宝性论大疏	是
དམ་པ	正士	1	宝性论大疏	
མཚམས་མེད	无间	1	宝性论大疏	
རྒྱུ་མཐུན་པ	等流	1	宝性论大疏	
བློ་ལྡན	智者	1	宝性论大疏	
པཎྜི་ཏ	班智达	1	宝性论大疏	
བྲམ་ཟེ	婆罗门	1	宝性论大疏	
རྗེ་བཙུན	圣者	1	宝性论大疏	是
མཐའ་བྲལ	离边	1	宝性论大疏	
ཐུབ་བསྟན	佛教	1	宝性论大疏	
དབུ་མའི་ལམ	中道	1	宝性论大疏	
འཇུག་ངོགས	津梁	1	宝性论大疏	
བཞེད་པ	意趣	1	宝性论大疏	是
དེང་ནས	从今	1	宝性论大疏	
བཟང་པོ	十七	1	宝性论大疏	
རེད་མདའ་བ	仁达瓦	1	宝性论大疏	
རྗེ་བཙུན་དམ་པ	菩萨	1	宝性论大疏	
བཤེས་གཉེན་ཆེན་པོ	大善知识	1	宝性论大疏	
དར་མ	达玛	1	宝性论大疏	
མདོ་སྔགས	显密	1	宝性论大疏	
