藏文	汉译	频次	出处
རང་བཞིན	自性	294	宝性论大疏、极广胜乘中观决定
སེམས་ཅན	有情	260	宝性论大疏、极广胜乘中观决定
ཐམས་ཅད	一切	243	宝性论大疏、极广胜乘中观决定
ཡོན་ཏན	功德	216	宝性论大疏、极广胜乘中观决定
དོན་དམ	胜义	186	宝性论大疏、极广胜乘中观决定
ཁྱད་པར	差别	124	宝性论大疏、极广胜乘中观决定
དེ་བཞིན་ཉིད	真如	120	宝性论大疏、极广胜乘中观决定
ཉོན་མོངས	烦恼	115	宝性论大疏、极广胜乘中观决定
དེ་བཞིན	如是	112	宝性论大疏、极广胜乘中观决定
དག་པ	清净	107	宝性论大疏、极广胜乘中观决定
དེ་དག	彼等	105	宝性论大疏、极广胜乘中观决定
དེ་ལྟར	如是	102	宝性论大疏、极广胜乘中观决定
མཐར་ཐུག	究竟	100	宝性论大疏、极广胜乘中观决定
གང་ཟག	补特伽罗	96	宝性论大疏、极广胜乘中观决定
བྱང་ཆུབ་སེམས་དཔའ	菩萨	92	宝性论大疏、极广胜乘中观决定
ཐེག་པ	乘（泛指，如三乘 ཐེག་པ་གསུམ、无标记时）｜大乘（ཐེག་ཆེན 等大乘语境）	89	宝性论大疏、极广胜乘中观决定｜人工校正｜多义
བྱང་ཆུབ	菩提	82	宝性论大疏、极广胜乘中观决定
བག་ཆགས	习气	75	宝性论大疏、极广胜乘中观决定
འཇིག་རྟེན	世间	70	宝性论大疏、极广胜乘中观决定
ཉན་ཐོས	声闻	68	宝性论大疏、极广胜乘中观决定
ཀུན་རྫོབ	世俗	65	宝性论大疏、极广胜乘中观决定
ས་བོན	种子	65	宝性论大疏、极广胜乘中观决定
བཅོམ་ལྡན་འདས	世尊	64	宝性论大疏
འཕྲིན་ལས	事业	63	宝性论大疏、极广胜乘中观决定
མཐའ་དག	一切	56	宝性论大疏、极广胜乘中观决定
དེ་བཞིན་གཤེགས་པའི་སྙིང་པོ	如来藏	54	宝性论大疏、极广胜乘中观决定
ནམ་མཁའ	虚空	53	宝性论大疏、极广胜乘中观决定
ཉོན་མོངས་པ	烦恼	52	宝性论大疏、极广胜乘中观决定
དེ་བཞིན་གཤེགས་པ	如来	50	宝性论大疏、极广胜乘中观决定
འཁོར་བ	生死	50	宝性论大疏、极广胜乘中观决定
ཆོས་ཉིད	法性	49	宝性论大疏、极广胜乘中观决定
ཤེས་བྱ	所知	49	宝性论大疏、极广胜乘中观决定
ཐར་པ	解脱	49	宝性论大疏
མཚན་ཉིད	性相	47	宝性论大疏、极广胜乘中观决定
མཐར་ཐུག་པ	究竟	46	宝性论大疏、极广胜乘中观决定
ཡང་དག་པར་རྫོགས་པའི་སངས་རྒྱས	正等觉	45	宝性论大疏
སྣ་ཚོགས	种种	44	宝性论大疏、极广胜乘中观决定
སྟོང་པ	空／空性（一般，如 X གྱིས་སྟོང་པ「X 空」）｜自性空（自空 rang stong 语境）	44	宝性论大疏、极广胜乘中观决定｜人工校正｜多义
དེ་ཉིད	彼／其（回指前文所述者，如 ཆོས་དབྱིངས་དེ་ཉིད「彼法界」）｜真实性／自性（实义，指事物本身之实性，同 དེ་ཁོ་ན་ཉིད）	43	宝性论大疏、极广胜乘中观决定｜人工校正｜多义
རང་རྒྱུད	自相续	43	宝性论大疏、极广胜乘中观决定
ཡོངས་སུ	一切	40	宝性论大疏、极广胜乘中观决定
སྟོང་པ་ཉིད	空性	40	宝性论大疏、极广胜乘中观决定
ངོ་བོ	体性	39	宝性论大疏、极广胜乘中观决定
མོས་པ	胜解	39	宝性论大疏
བདག་མེད	无我	38	宝性论大疏、极广胜乘中观决定
དབྱེ་བ	差别	38	宝性论大疏、极广胜乘中观决定
དམིགས་པ	所缘	38	宝性论大疏、极广胜乘中观决定
ཆོས་སྐུ	法身	37	宝性论大疏、极广胜乘中观决定
དེས་ན	因此	37	宝性论大疏、极广胜乘中观决定
དཀོན་མཆོག་གསུམ	三宝	37	宝性论大疏
རང་སངས་རྒྱས	独觉	37	宝性论大疏
ཐེག་པ་ཆེན་པོ	大乘	36	宝性论大疏
གཉིས་པ	第二	35	宝性论大疏、极广胜乘中观决定
ཡེ་ཤེས	智慧	35	宝性论大疏、极广胜乘中观决定
རྣམ་པར་རྟོག་པ	分别	35	宝性论大疏、极广胜乘中观决定
སྣང་བ	显现	34	宝性论大疏、极广胜乘中观决定
ཤེས་སྒྲིབ	所知障	34	宝性论大疏、极广胜乘中观决定
བདེན་འཛིན	实执	34	宝性论大疏
འདུས་མ་བྱས	无为	33	宝性论大疏、极广胜乘中观决定
གོ་རིམ	次第	33	宝性论大疏、极广胜乘中观决定
ཇི་ལྟ་བ	如所有	33	宝性论大疏、极广胜乘中观决定
ངེས་པ	决定	32	宝性论大疏、极广胜乘中观决定
རྣམ་སྨིན	异熟	32	宝性论大疏、极广胜乘中观决定
ཆོས་ཐམས་ཅད	一切法	32	宝性论大疏、极广胜乘中观决定
ཇི་སྙེད་པ	尽所有	32	宝性论大疏、极广胜乘中观决定
དམ་པའི་ཆོས	正法	32	宝性论大疏
སྦྱར་བ	配合	32	宝性论大疏
རང་བཞིན་རྣམ་དག	自性清净	32	宝性论大疏
ངོ་བོ	自性	31	宝性论大疏、极广胜乘中观决定
དེ་ཡང	此亦	31	宝性论大疏、极广胜乘中观决定
བསམ་གྱིས་མི་ཁྱབ	不可思议	31	宝性论大疏、极广胜乘中观决定
མཛད་པ	事业	30	宝性论大疏、极广胜乘中观决定
ངེས་པར	决定	30	宝性论大疏、极广胜乘中观决定
ཡན་ལག	支分	30	宝性论大疏、极广胜乘中观决定
ཏིང་ངེ་འཛིན	三摩地	30	宝性论大疏、极广胜乘中观决定
གཉེན་པོ	对治	30	宝性论大疏、极广胜乘中观决定
མདོར་བསྟན་པ	略标	30	宝性论大疏
རྣམ་རྟོག	分别	29	宝性论大疏、极广胜乘中观决定
རྒྱུ་འབྲས	因果	28	宝性论大疏、极广胜乘中观决定
གསུམ་པ	第三	28	宝性论大疏、极广胜乘中观决定
ཕྲ་མོ	微细	28	宝性论大疏、极广胜乘中观决定
ཞེ་ན	若谓	28	宝性论大疏
གློ་བུར་གྱི་དྲི་མ	客尘	28	宝性论大疏
རྟེན་འབྲེལ	缘起	27	宝性论大疏、极广胜乘中观决定
རྒྱུན་མི་འཆད	相续不断	27	宝性论大疏
ཡང་དག	真实	26	宝性论大疏、极广胜乘中观决定
རིམ་པ	次第	26	宝性论大疏、极广胜乘中观决定
རྒྱུ་མཚན	原由	26	宝性论大疏
ཀུན་ཏུ	一切	25	宝性论大疏、极广胜乘中观决定
ཆོས་ཉིད	自性	25	宝性论大疏、极广胜乘中观决定
ངོ་བོ་ཉིད	自性	25	宝性论大疏、极广胜乘中观决定
ཇི་ལྟར	如何	25	宝性论大疏、极广胜乘中观决定
སྤྱོད་ཡུལ	行境	25	宝性论大疏、极广胜乘中观决定
གཟུགས་བརྙན	影像	25	宝性论大疏、极广胜乘中观决定
རྣམ་གཞག	建立	25	宝性论大疏
མྱང་འདས	涅槃	25	宝性论大疏
འཁོར་ལོ	法轮	24	宝性论大疏
ཉེས་པ	过失	23	宝性论大疏、极广胜乘中观决定
ཟག་པ	烦恼	23	宝性论大疏、极广胜乘中观决定
འགལ་བ	相违	23	宝性论大疏、极广胜乘中观决定
ཀུན་གཞི	遍基（万法总基·法界义 kun gzhi）｜阿赖耶（ཀུན་གཞི་རྣམ་ཤེས 作阿赖耶识时）·随语境	23	宝性论大疏、极广胜乘中观决定｜他空品三校订本｜人工校正｜多义
རྣམ་པ	差别	23	宝性论大疏、极广胜乘中观决定
ཉོན་མོངས	杂染	23	宝性论大疏
ཕ་རོལ་ཏུ་ཕྱིན་པ	波罗蜜多	23	宝性论大疏
དབྱེར་མེད	无别	22	宝性论大疏、极广胜乘中观决定
སྐུ་གསུམ	三身	22	宝性论大疏、极广胜乘中观决定
ཇི་ལྟ་བ་བཞིན	如实	22	宝性论大疏
རིམ་པ་བཞིན	依次	22	宝性论大疏
མི་རྟག་པ	无常	21	宝性论大疏、极广胜乘中观决定
མཐར་ཕྱིན	究竟	21	宝性论大疏、极广胜乘中观决定
རིམ་གྱིས	渐次	21	宝性论大疏
དགྲ་བཅོམ་པ	阿罗汉	21	宝性论大疏
སོ་སོ་སྐྱེ་བོ	异生	21	宝性论大疏
དང་པོ	第一	20	宝性论大疏、极广胜乘中观决定
ལོངས་སྤྱོད	受用	20	宝性论大疏、极广胜乘中观决定
རྒྱུ་རྐྱེན	因缘	20	宝性论大疏、极广胜乘中观决定
གང་ཞེ་ན	云何	20	宝性论大疏、极广胜乘中观决定
ཕུན་སུམ་ཚོགས་པ	圆满	20	宝性论大疏
ས་བཅུ	十地	20	宝性论大疏
རྟོགས་པ	通达	20	宝性论大疏
ཀུན་སློང	等起	20	宝性论大疏
འཕགས་པ	圣者	19	宝性论大疏、极广胜乘中观决定
རྡོ་རྗེ	金刚	19	宝性论大疏
ངེས་དོན	了义	18	宝性论大疏、极广胜乘中观决定
རྣམ་གྲངས	异门	18	宝性论大疏、极广胜乘中观决定
ཚུལ་བཞིན	如理	18	宝性论大疏、极广胜乘中观决定
སྤྲོས་པ	戏论	18	宝性论大疏、极广胜乘中观决定
བདེན་པ	真实	18	宝性论大疏、极广胜乘中观决定
སྐད་ཅིག	刹那	18	宝性论大疏、极广胜乘中观决定
གཞན་དབང	依他起	18	宝性论大疏、极广胜乘中观决定
ཉེས་དམིགས	过患	18	宝性论大疏、极广胜乘中观决定
མེད་པ	无有	18	宝性论大疏、极广胜乘中观决定
མངོན་སུམ་དུ	现前	18	宝性论大疏、极广胜乘中观决定
གཟུགས་སྐུ	色身	18	宝性论大疏、极广胜乘中观决定
བརྒྱ་བྱིན	帝释	18	宝性论大疏、极广胜乘中观决定
སྤྲོས་བྲལ	离戏	17	宝性论大疏、极广胜乘中观决定
འདུས་བྱས	有为	17	宝性论大疏、极广胜乘中观决定
ཐ་སྙད	名言	17	宝性论大疏、极广胜乘中观决定
འགྲོ་བ	众生	17	宝性论大疏、极广胜乘中观决定
ཆོས་ཅན	有法	17	宝性论大疏、极广胜乘中观决定
ཡིད་བྱེད	作意	17	宝性论大疏、极广胜乘中观决定
དབང་ཕྱུག	自在	17	宝性论大疏、极广胜乘中观决定
ཇི་སྲིད	乃至	17	宝性论大疏、极广胜乘中观决定
རྟོག་པ	分别	17	宝性论大疏、极广胜乘中观决定
གྲོལ་བ	解脱	17	宝性论大疏、极广胜乘中观决定
ཉོན་སྒྲིབ	烦恼障	17	宝性论大疏、极广胜乘中观决定
ཉོན་མོངས	烦恼障	17	宝性论大疏
འཕགས་པ	菩萨圣者	17	宝性论大疏
ཡིད་བཞིན	如意	17	宝性论大疏
སྙིང་རྗེ	悲心	16	宝性论大疏、极广胜乘中观决定
བག་ལ་ཉལ	随眠	16	宝性论大疏、极广胜乘中观决定
ཐེག་པ་གསུམ	三乘	16	宝性论大疏
འཇིགས་པ	怖畏	16	宝性论大疏
ཆོས་དཀོན་མཆོག	法宝	16	宝性论大疏
ལོངས་སྤྱོད་རྫོགས་པའི་སྐུ	圆满受用身	16	宝性论大疏
མི་སྲིད	不可能	15	极广胜乘中观决定
གནས་སྐབས	分位	15	宝性论大疏、极广胜乘中观决定
བདག་ཉིད	自性	15	宝性论大疏、极广胜乘中观决定
རིགས་འདྲ	同类	15	宝性论大疏、极广胜乘中观决定
ཐ་མ	最后	15	宝性论大疏、极广胜乘中观决定
གཙོ་བོ	主要	15	宝性论大疏、极广胜乘中观决定
དྲང་དོན	不了义	15	宝性论大疏、极广胜乘中观决定
ཐུགས་རྗེ	大悲	15	宝性论大疏、极广胜乘中观决定
སངས་རྒྱས་དཀོན་མཆོག	佛宝	15	宝性论大疏
དགེ་འདུན་དཀོན་མཆོག	僧宝	15	宝性论大疏
རང་དོན	自利	15	宝性论大疏
བདེན་སྟོང	谛实空	15	宝性论大疏
སྐྱོན་མེད	无过	14	宝性论大疏、极广胜乘中观决定
རྗེ་བཙུན	至尊	14	宝性论大疏、极广胜乘中观决定
མ་ལུས་པ	一切	14	宝性论大疏、极广胜乘中观决定
དེ་ཡང	彼亦	14	宝性论大疏、极广胜乘中观决定
ཀུན་རྫོབ	俗谛	14	宝性论大疏、极广胜乘中观决定
འོད་གསལ་བ	光明	14	宝性论大疏、极广胜乘中观决定
བྱིས་པ	愚夫	14	宝性论大疏、极广胜乘中观决定
ཐུགས་རྗེ་ཆེན་པོ	大悲	14	宝性论大疏、极广胜乘中观决定
མྱ་ངན་ལས་འདས	涅槃	14	宝性论大疏
དེ་ནས	复次	14	宝性论大疏
འོད་ཟེར	光明	14	宝性论大疏
དྲི་མ་མེད་པ	无垢	14	宝性论大疏
གློ་བུར་རྣམ་དག	客尘清净	14	宝性论大疏
ཐུགས་རྒྱུད	心相续	14	宝性论大疏
འཁོར་བའི་སྡུག་བསྔལ	生死苦	14	宝性论大疏
རྣམ་གྲོལ	解脱	14	宝性论大疏
དབུ་མ	中观	13	宝性论大疏、极广胜乘中观决定
བྱང་ཆུབ	通达	13	宝性论大疏、极广胜乘中观决定
ཆོས་དབྱིངས	法界	13	宝性论大疏、极广胜乘中观决定
འགོག་བདེན	灭谛	13	宝性论大疏、极广胜乘中观决定
མ་ལུས	无余	13	宝性论大疏、极广胜乘中观决定
ལྟོས་པ	观待	13	宝性论大疏、极广胜乘中观决定
རང་བྱུང	自生	13	宝性论大疏、极广胜乘中观决定
ཆོས་ཀྱི་བདག་མེད	法无我	13	宝性论大疏、极广胜乘中观决定
བདེན་གཉིས	二谛	13	宝性论大疏、极广胜乘中观决定
སྤང་བྱ	所断	13	宝性论大疏、极广胜乘中观决定
ཤེར་ཕྱིན	般若	13	宝性论大疏、极广胜乘中观决定
ཐོག་མ་མེད་པ	无始	13	宝性论大疏
དེ་བཞིན	如此	13	宝性论大疏
དཔེར་ན	譬如	13	宝性论大疏
ཤེས་རབ	般若	13	宝性论大疏
མ་ལུས་པ	无余	13	宝性论大疏
རྩ་བ	根本	12	宝性论大疏、极广胜乘中观决定
རྣལ་འབྱོར	瑜伽	12	宝性论大疏、极广胜乘中观决定
རྫོགས་པ	圆满	12	宝性论大疏、极广胜乘中观决定
ཡོད་མེད	有无	12	宝性论大疏、极广胜乘中观决定
དོན་དམ་པ	胜义	12	宝性论大疏、极广胜乘中观决定
ཕུན་ཚོགས	圆满	12	宝性论大疏、极广胜乘中观决定
བསམ་གཏན	静虑	12	宝性论大疏、极广胜乘中观决定
སྤྲུལ་པའི་སྐུ	化身	12	宝性论大疏、极广胜乘中观决定
ཆོས་ཉིད	自性空	12	宝性论大疏
བདེན་པ	谛实	12	宝性论大疏
ཡིད་ལ་བྱེད་པ	作意	12	宝性论大疏
སྒོམ་སྤང	修所断	12	宝性论大疏
མངོན་མཐོ	增上生	12	宝性论大疏
ཕན་ཡོན	利益	12	宝性论大疏｜人工校正
དང་ལྡན་པ	相应	12	宝性论大疏
མཚན་གཞི	所相	11	宝性论大疏、极广胜乘中观决定
མུ་སྟེགས	外道	11	宝性论大疏、极广胜乘中观决定
རྣམ་བྱང	清净	11	宝性论大疏、极广胜乘中观决定
བདག་མེད་གཉིས	二无我	11	宝性论大疏、极广胜乘中观决定
ཀུན་བརྟགས	遍计所执	11	宝性论大疏、极广胜乘中观决定｜人工校正
ལོག་པ	颠倒	11	宝性论大疏、极广胜乘中观决定
གསུམ་པོ	三者	11	宝性论大疏、极广胜乘中观决定
ཉོན་མོངས་པ	杂染	11	宝性论大疏、极广胜乘中观决定
དེ་བཞིན	如彼	11	宝性论大疏、极广胜乘中观决定
མཐའ་གཉིས	二边	11	宝性论大疏、极广胜乘中观决定
བཅོ་བརྒྱད	十八	11	宝性论大疏、极广胜乘中观决定
མན་ཆད	以下	11	宝性论大疏、极广胜乘中观决定
ཚོགས་གཉིས	二资粮	11	宝性论大疏、极广胜乘中观决定
མཉམ་པ	平等	11	宝性论大疏
དྲུག་ཅུ	六十	11	宝性论大疏
དོན་གཉེར	希求	11	宝性论大疏
ཐོབ་བྱེད	能得	11	宝性论大疏
མཐོང་ལམ	见道	11	宝性论大疏
བདེན་གྲུབ	实有	11	宝性论大疏
སྒྲུབ་བྱེད	能立	11	宝性论大疏
གོམས་པ	串习	11	宝性论大疏
མཁྱེན་པའི་སྟོབས	智力	11	宝性论大疏
ཐེག་ཆེན	大乘	10	宝性论大疏、极广胜乘中观决定
དུག་གསུམ	三毒	10	宝性论大疏、极广胜乘中观决定
བརྩོན་འགྲུས	精进	10	宝性论大疏、极广胜乘中观决定
རྣམ་པ	不同	10	宝性论大疏、极广胜乘中观决定
བཞི་པ	第四	10	宝性论大疏、极广胜乘中观决定
ཉོན་མོངས	染污	10	宝性论大疏、极广胜乘中观决定
རང་ཉིད	自身	10	宝性论大疏、极广胜乘中观决定｜人工校正
དང་པོ	先前	10	宝性论大疏、极广胜乘中观决定
ཆོས་ཀྱི་བདག	法我	10	宝性论大疏、极广胜乘中观决定
ཁམས་གསུམ	三界	10	宝性论大疏、极广胜乘中观决定
ཐུབ་པ	能仁	10	宝性论大疏
རྒྱ་ཆེན་པོ	广大	10	宝性论大疏
དོན་བསྡུས	摄义	10	宝性论大疏
དོན་དམ་བདེན་པ	胜义谛	10	宝性论大疏
ཡོན་ཏན	说法	10	宝性论大疏
མཐོང་སྤང	见所断	10	宝性论大疏
ཟད་པར	一切	10	宝性论大疏
ནམ་མཁའི་ཁམས	虚空界	10	宝性论大疏
སྐྱེ་འཆི	生死	10	宝性论大疏
ཐོགས་མེད	无著	9	宝性论大疏、极广胜乘中观决定
གཉིས་ཀ	二者	9	宝性论大疏、极广胜乘中观决定
བདེན་པ་གཉིས	二谛	9	宝性论大疏、极广胜乘中观决定
དངོས་པོ	实有	9	宝性论大疏、极广胜乘中观决定
དེ་ཕྱིར	是故	9	极广胜乘中观决定
རྣམ་དག	清净	9	宝性论大疏、极广胜乘中观决定
མི་ཟད	无尽	9	宝性论大疏、极广胜乘中观决定
སེམས་ཅན	众生	9	宝性论大疏、极广胜乘中观决定
དབྱེར་མེད	无差别	9	宝性论大疏、极广胜乘中观决定
མཉམ་ཉིད	平等性	9	宝性论大疏、极广胜乘中观决定
ཇི་བཞིན	如实	9	宝性论大疏、极广胜乘中观决定
མ་རིག་པ	无明	9	宝性论大疏、极广胜乘中观决定
ཏིང་འཛིན	三摩地	9	极广胜乘中观决定
སྟོབས་བཅུ	十力	9	宝性论大疏、极广胜乘中观决定
ཡན་ཆད	以上	9	宝性论大疏
བྱ་བ	事业	9	宝性论大疏
བཤད་པ	解释	9	宝性论大疏
སྦྱོང་བྱེད	能净	9	宝性论大疏
མཐའ་དག	所有	9	宝性论大疏
སོ་སྐྱེ	异生	9	宝性论大疏
འཕགས་པ	独觉圣者	9	宝性论大疏
ཐམས་ཅད་མཁྱེན་པ	一切智	9	宝性论大疏
བྱེད་པ	事业	9	宝性论大疏
བྱང་ཆུབ་ཀྱི་སེམས	菩提心	9	宝性论大疏
གང་ཟག་གི་བདག	补特伽罗我	9	宝性论大疏
འགྲོ་བ	有情	9	宝性论大疏
བདག་མེད་པ	无我	9	宝性论大疏
དོན་དུ	以此	9	宝性论大疏
རྫོགས་པའི་སངས་རྒྱས	等觉	9	宝性论大疏
སྲིད་ཞི	有寂	9	宝性论大疏
བསོད་ནམས་ཀྱི་ཚོགས	福德资粮	9	宝性论大疏
ལུང་བསྟན	授记	8	宝性论大疏、极广胜乘中观决定
སྐྱེ་འགག	生灭	8	宝性论大疏、极广胜乘中观决定
དུས་གསུམ	三时	8	宝性论大疏、极广胜乘中观决定
ཡོད་པ	实有	8	宝性论大疏、极广胜乘中观决定
ལུས་ཅན	有情	8	宝性论大疏、极广胜乘中观决定
འདས་པ	过去	8	宝性论大疏、极广胜乘中观决定｜人工校正(时间语境;涅槃=མྱ་ངན་ལས་འདས་པ)
མཐའ་ཡས	无边	8	宝性论大疏、极广胜乘中观决定
འབྱུང་བ	生起	8	宝性论大疏、极广胜乘中观决定
མ་ཐག་ཏུ	无间	8	宝性论大疏、极广胜乘中观决定
དུས་མཉམ	同时	8	宝性论大疏、极广胜乘中观决定
བྱ་བ	所作	8	宝性论大疏、极广胜乘中观决定
བྲལ་བ	离系	8	宝性论大疏、极广胜乘中观决定
འོད་གསལ	光明	8	宝性论大疏、极广胜乘中观决定
བརྒྱད་པ	第八	8	宝性论大疏、极广胜乘中观决定
བྱེ་བ	俱胝	8	宝性论大疏、极广胜乘中观决定
བླ་ན་མེད་པ	无上	8	宝性论大疏、极广胜乘中观决定
སློབ་པ	有学	8	宝性论大疏、极广胜乘中观决定
ལམ་གྱི་བདེན་པ	道谛	8	宝性论大疏、极广胜乘中观决定
ཐོས་བསམ	闻思	8	宝性论大疏、极广胜乘中观决定
བླ་ན་མེད་པ	无上正等觉	8	宝性论大疏
མདོར་བསྡུས་ན	简言之	8	宝性论大疏
དེ་ལྟར	所依	8	宝性论大疏
འབྱུང་བ	出生	8	宝性论大疏
དགག་བྱ	所破	8	宝性论大疏
དང་པོ	根本	8	宝性论大疏
ས་གཞི	地基	8	宝性论大疏
ཡང་དག་པ	如实	8	宝性论大疏
འགོག་པའི་བདེན་པ	灭谛	8	宝性论大疏
ཀུན་ནས་ཉོན་མོངས་པ	杂染	8	宝性论大疏
ཟག་པ	有漏	8	宝性论大疏
ཤེས་རབ	智慧	8	宝性论大疏
སྦྲང་རྩི	蜂蜜	8	宝性论大疏
དྲང་སྲོང	仙人	8	宝性论大疏
བར་ཆད་མེད་ལམ	无间道	8	宝性论大疏
ཐུན་མོང	共同	7	宝性论大疏、极广胜乘中观决定
རང་གཞན	自他	7	宝性论大疏、极广胜乘中观决定
རང་བཞིན	本性	7	宝性论大疏、极广胜乘中观决定
ཁྱད་ཆོས	差别	7	宝性论大疏、极广胜乘中观决定
རྣམ་གཞག	安立	7	宝性论大疏、极广胜乘中观决定｜人工校正
ཆེ་ཆུང	大小	7	宝性论大疏、极广胜乘中观决定
སྲིད་པ་གསུམ	三有	7	宝性论大疏、极广胜乘中观决定
སྐྱེད་བྱེད	能生	7	宝性论大疏、极广胜乘中观决定
ལྔ་པ	第五	7	宝性论大疏、极广胜乘中观决定
རྟོགས་པ	证悟	7	宝性论大疏、极广胜乘中观决定
རྟག་པ	恒常	7	宝性论大疏、极广胜乘中观决定｜人工校正
དྲུག་པ	第六	7	宝性论大疏、极广胜乘中观决定
འཇིག་ཚོགས	坏聚	7	宝性论大疏、极广胜乘中观决定
བྱེ་བྲག	差别	7	宝性论大疏、极广胜乘中观决定
བདག་མེད	法无我	7	宝性论大疏、极广胜乘中观决定
རང་གི་ངོ་བོ	自性	7	宝性论大疏、极广胜乘中观决定
སྟོང་པ་ཉིད	真如	7	宝性论大疏、极广胜乘中观决定
དབང་བསྐུར	灌顶	7	宝性论大疏、极广胜乘中观决定
ལྷན་སྐྱེས	俱生	7	宝性论大疏、极广胜乘中观决定
ཕུན་སུམ་ཚོགས	圆满	7	宝性论大疏
སྐྱེ་བོ	异生	7	宝性论大疏
སྣང་བ	光明	7	宝性论大疏
མཁས་པ	智者	7	宝性论大疏
དོན་གཉིས	二利	7	宝性论大疏
ཤེས་བྱེད	能立	7	宝性论大疏
གཟུགས་མེད	无色	7	宝性论大疏
ཇི་སྐད	如是	7	宝性论大疏
གཉི་ག	二者	7	宝性论大疏
ཉི་མའི་དཀྱིལ་འཁོར	日轮	7	宝性论大疏
ཚུལ་མིན	非理作意	7	宝性论大疏
ཡེ་ཤེས་གཉིས	二智	7	宝性论大疏
བསམ་གྱིས་མི་ཁྱབ་པ	不可思议	7	宝性论大疏
སྦྱོར་བ	加行	7	宝性论大疏
སྤྲུལ་པ	变化	7	宝性论大疏
མཐའ་ཡས་པ	无边	7	宝性论大疏
སྐྱེ་བ་ལེན་པ	受生	7	宝性论大疏
བྱང་ཆུབ་ཆེན་པོ	大菩提	7	宝性论大疏
འབྲེལ་བ	相属／关系（因明语境，如 བདག་གཅིག་འབྲེལ 同体相属）	7	宝性论大疏｜人工校正
རྒྱལ་བ	胜者	6	宝性论大疏、极广胜乘中观决定
འཁྲུལ་བ	错乱	6	宝性论大疏、极广胜乘中观决定
བསོད་ནམས	福德	6	宝性论大疏、极广胜乘中观决定
བདེ་གཤེགས་སྙིང་པོ	如来藏	6	宝性论大疏、极广胜乘中观决定
རང་རང	各自	6	宝性论大疏、极广胜乘中观决定
འགྱུར་མེད	不变	6	宝性论大疏、极广胜乘中观决定
སྐུ་གཉིས	二身	6	宝性论大疏、极广胜乘中观决定
བརྗོད་བྱ	所诠	6	宝性论大疏、极广胜乘中观决定
ཟག་བཅས	有漏	6	宝性论大疏、极广胜乘中观决定
དེ་ཁོ་ན	真实	6	宝性论大疏、极广胜乘中观决定
སྐྱེ་བོ	众生	6	宝性论大疏、极广胜乘中观决定
ཕན་ཚུན	彼此	6	极广胜乘中观决定
འཁོར་བ	轮回	6	极广胜乘中观决定
ཞི་བ	寂静（形容或动词，如 ཞི་བའི་...、平息）｜涅槃／寂灭（独立名词、果位语境，同 མྱ་ངན་ལས་འདས）	6	宝性论大疏、极广胜乘中观决定｜人工校正｜多义
འབྲས་བུ	果	6	宝性论大疏、极广胜乘中观决定｜人工校正
རྣམ་པ	行相	6	极广胜乘中观决定
མཚུངས་ལྡན	相应	6	宝性论大疏、极广胜乘中观决定
ཆོས་ལྔ	五法	6	宝性论大疏、极广胜乘中观决定
ཁོ་ན	唯／正是（限定副词，如 གཅིག་པུ་ཁོ་ན「唯一」）｜真实（仅 དེ་ཁོ་ན(་ཉིད) 语境）	6	极广胜乘中观决定｜人工校正｜多义
བཅུ་གཉིས	十二	6	宝性论大疏、极广胜乘中观决定
ཡང་སྲིད	后有	6	宝性论大疏、极广胜乘中观决定
འདྲ་བ	相似	6	宝性论大疏、极广胜乘中观决定
མོས་པ	信解	6	宝性论大疏、极广胜乘中观决定
སྒོམ་ལམ	修道	6	宝性论大疏、极广胜乘中观决定
ཡང་དག་པ	真实	6	宝性论大疏、极广胜乘中观决定
ལྷུན་གྲུབ	任运	6	宝性论大疏、极广胜乘中观决定
གྲངས་མེད	无数	6	宝性论大疏、极广胜乘中观决定
རྗེས་ཐོབ	后得位	6	宝性论大疏、极广胜乘中观决定
ཇི་སྙེད	一切	6	宝性论大疏、极广胜乘中观决定
ཀླུ་སྒྲུབ	龙树（Nāgārjuna；勿作「龙猛」，本传承统一作「龙树」）	6	他空中观品三双运种界龙树会通校订本｜人工校正
དེ་བཞིན	如实	6	宝性论大疏
ཚོགས་ལམ	资粮道	6	宝性论大疏
སྤྱོད་ཡུལ	所行	6	宝性论大疏
རྣམ་པར་མི་རྟོག་པའི་ཡེ་ཤེས	无分别智	6	宝性论大疏
ཉོན་མོངས་པའི་བག་ཆགས	烦恼习气	6	宝性论大疏
སྦྱོང་བ	净治	6	宝性论大疏
འཇིག་རྟེན་གྱི་ཁམས	世界	6	宝性论大疏
ཆོས་ཀྱི་དབང་ཕྱུག	法自在	6	宝性论大疏
རིགས་ཀྱི་བུ	善男子	6	宝性论大疏
དགྲ་བཅོམ་པའི་འབྲས་བུ	阿罗汉果	6	宝性论大疏
སོ་སོ	分别	6	宝性论大疏
ཐུགས་རྗེ	悲心	6	宝性论大疏
རྒྱ་ཆེ་བ	广大	6	宝性论大疏
གནས་སྐབས	暂时	6	宝性论大疏
ཡུལ་ཅན	有境	6	宝性论大疏
སྒྲིབ་གཉིས	二障	6	宝性论大疏
སྒོ་གསུམ	三门	6	宝性论大疏
གང་ཡིན	所有	6	宝性论大疏
གུས་པ	恭敬	6	宝性论大疏
ཁྱིམ་བདག	长者	6	宝性论大疏
ཉན་ཐོས་ཀྱི་ཐེག་པ	声闻乘	6	宝性论大疏
སྔ་ཕྱི	前后	6	宝性论大疏
ཕ་རོལ་ཏུ་ཕྱིན་པ	般若波罗蜜多	6	宝性论大疏
འཚང་རྒྱ་བ	成佛	6	宝性论大疏
དྲང་སྲོང་ཆེན་པོ	大仙	6	宝性论大疏
འཁོར་ལོས་བསྒྱུར་བ	转轮王	6	宝性论大疏
ལྷའི་མིག	天眼	6	宝性论大疏
རྡུལ་ཕྲ་རབ	极微尘	6	宝性论大疏
དགོས་པ	需要	6	宝性论大疏
དགེ་བའི་ལས	善业	6	宝性论大疏
ལམ་འབྲས	道果	5	宝性论大疏、极广胜乘中观决定
དཔག་མེད	无量	5	极广胜乘中观决定
བླང་དོར	取舍	5	宝性论大疏、极广胜乘中观决定
ལུང་མ་བསྟན	无记	5	极广胜乘中观决定
དེ་ལས	从彼	5	宝性论大疏、极广胜乘中观决定
དངོས་པོ	真实	5	宝性论大疏、极广胜乘中观决定
ཉི་ཤུ	二十	5	宝性论大疏、极广胜乘中观决定
ཀུན་འབྱུང	集／集谛（四谛语境，如 ཀུན་འབྱུང་བདེན་པ、ཀུན་འབྱུང་ཉིད）｜集起·烦恼总集（泛指烦恼与业之所集起）	5	宝性论大疏、极广胜乘中观决定｜人工校正｜多义
སྐྱེས་བུ	丈夫	5	宝性论大疏、极广胜乘中观决定
མངོན་ཤེས	神通	5	极广胜乘中观决定
སློབ་དཔོན	阿阇黎	5	极广胜乘中观决定
རྣམ་པར་སྨིན་པ	异熟	5	宝性论大疏、极广胜乘中观决定
སྒྲུབ་བྱེད	能成	5	宝性论大疏、极广胜乘中观决定
མངོན་སུམ	现量	5	宝性论大疏、极广胜乘中观决定
དབང་ཤེས	根识	5	宝性论大疏、极广胜乘中观决定
ལས་འབྲས	业果	5	宝性论大疏、极广胜乘中观决定
བསམ་གཏན	禅定	5	极广胜乘中观决定
རྗེས་ཐོབ	后得	5	宝性论大疏、极广胜乘中观决定
ཀུན་རྫོབ་བདེན་པ	世俗谛	5	宝性论大疏、极广胜乘中观决定
ངན་འགྲོ	恶趣	5	宝性论大疏、极广胜乘中观决定
འཁྲུལ་བ	迷乱	5	极广胜乘中观决定
གཟུང་བ	所取	5	宝性论大疏、极广胜乘中观决定
འདུས་བྱས	有为法	5	宝性论大疏、极广胜乘中观决定
དབང་བསྒྱུར	自在	5	宝性论大疏、极广胜乘中观决定
འཁོར་གསུམ	三轮	5	宝性论大疏、极广胜乘中观决定
ལོག་ལྟ	邪见	5	宝性论大疏、极广胜乘中观决定
ཐོབ་པ	成就	5	宝性论大疏、极广胜乘中观决定
བརྗོད་པ	所说	5	宝性论大疏、极广胜乘中观决定
གསལ་བ	显明	5	宝性论大疏、极广胜乘中观决定
སེམས་བསྐྱེད	发心	5	宝性论大疏、极广胜乘中观决定
དམ་ཆོས	正法	5	宝性论大疏
དགོངས་པ	深密	5	宝性论大疏
དོན་དུ	为了	5	宝性论大疏
ཉན་ཐོས་ཀྱི་བྱང་ཆུབ	声闻菩提	5	宝性论大疏
རྒྱུ་གཉིས	二因	5	宝性论大疏
སོ་སོ	不同	5	宝性论大疏
རྗེས་ཐོབ	后得智	5	宝性论大疏
རང་སྟོབས	自力	5	宝性论大疏
འདི་ནི	此乃	5	宝性论大疏
མངའ་བ	具有	5	宝性论大疏
འགྲུབ་པ	成就	5	宝性论大疏
ལྷན་ཅིག་བྱེད་རྐྱེན	俱有缘	5	宝性论大疏
བྱང་ཆུབ་ཀྱི་ཤིང	菩提树	5	宝性论大疏
དེ་ལྟ་ན	若尔	5	宝性论大疏
མི་གཙང་བ	不净	5	宝性论大疏
རིམ་པ་བཞིན	如其次第	5	宝性论大疏
མཚན་མ་མེད་པ	无相	5	宝性论大疏
གང་ཟག་གི་བདག་མེད	补特伽罗无我	5	宝性论大疏
འགལ་རྐྱེན	违缘	5	宝性论大疏
མི་འཇིགས་པ་བཞི	四无畏	5	宝性论大疏
མི་ལྡོག་པ	不退	5	宝性论大疏
ལྷུན་གྱིས་གྲུབ་པ	任运	5	宝性论大疏
རྟེན་འབྲེལ་ཡན་ལག་བཅུ་གཉིས	十二缘起支	5	宝性论大疏
འཇིག་རྟེན་ལས་འདས་པ	出世间	5	宝性论大疏
ནུས་པ	功用	5	宝性论大疏
གནོད་པ	损害	5	宝性论大疏
དུས་མཉམ་དུ	同时	5	宝性论大疏
ཉན་ཐོས་འཕགས་པ	声闻圣者	5	宝性论大疏
བྱེད་ལས	作业	5	宝性论大疏
མོས་པ	希求	5	宝性论大疏
འཁོར་བ	世间	5	宝性论大疏
རྟོགས་པའི་ཆོས	证法	5	宝性论大疏
གསང་བ	秘密	5	宝性论大疏
གནས་འགྱུར	转依	5	宝性论大疏
ཇི་ལྟར	犹如	5	宝性论大疏
མུ་སྟེགས་པ	外道	5	宝性论大疏
སྐུར་འདེབས	损减	5	宝性论大疏
ཡོན་ཏན་ལྔ	五德	5	宝性论大疏
དགའ་ལྡན	喜足天	5	宝性论大疏
སྒྲ་བརྙན	回响	5	宝性论大疏
ཀུན་མཁྱེན	遍知	4	宝性论大疏、极广胜乘中观决定
བླ་མེད	无上	4	宝性论大疏、极广胜乘中观决定
མི་འགྱུར་བ	不变	4	宝性论大疏、极广胜乘中观决定
ངེས་འབྱུང	出离	4	宝性论大疏、极广胜乘中观决定
མཚོན་བྱ	所表	4	极广胜乘中观决定
སྐྱེས་བུ	士夫	4	宝性论大疏、极广胜乘中观决定
དམྱལ་བ	地狱	4	宝性论大疏、极广胜乘中观决定
ཀུན་ཁྱབ	周遍	4	极广胜乘中观决定
མངོན་པར་གྲུབ་པ	成就	4	宝性论大疏、极广胜乘中观决定
རིག་པར་བྱ	所知	4	宝性论大疏、极广胜乘中观决定
འགྲོ་བ	世间	4	宝性论大疏、极广胜乘中观决定
རྒྱ་མཚོ	大海	4	宝性论大疏、极广胜乘中观决定
མཐའ་མེད	无边	4	宝性论大疏、极广胜乘中观决定
སྲིད་པའི་ཡན་ལག	有支	4	宝性论大疏、极广胜乘中观决定
དུས་གསུམ	三世	4	宝性论大疏、极广胜乘中观决定
ཡིད་ཤེས	意识	4	极广胜乘中观决定
ཐལ་འགྱུར	应成	4	宝性论大疏、极广胜乘中观决定
ཐོས་པ	听闻	4	宝性论大疏、极广胜乘中观决定
གལ་ཏེ	倘若	4	宝性论大疏、极广胜乘中观决定
ཉེ་བའི་ཉོན་མོངས་པ	随烦恼	4	宝性论大疏、极广胜乘中观决定
རྣམ་གྲངས	异名	4	宝性论大疏、极广胜乘中观决定
གནས་ངན་ལེན	粗重	4	宝性论大疏、极广胜乘中观决定
ཀུན་རྟོག	遍计	4	极广胜乘中观决定
མཚན་ཉིད་གསུམ	三性	4	宝性论大疏、极广胜乘中观决定
ཚོགས་དྲུག	六聚	4	宝性论大疏、极广胜乘中观决定
བྱེད་རྒྱུ	能作因	4	极广胜乘中观决定
བཅུ་བཞི	十四	4	宝性论大疏、极广胜乘中观决定
མི་མཐོང	不见	4	宝性论大疏、极广胜乘中观决定
དེ་ལས	颠倒	4	宝性论大疏、极广胜乘中观决定
ཆགས་བྲལ	离贪	4	宝性论大疏、极广胜乘中观决定
ཕྱི་ནང	内外	4	极广胜乘中观决定
མདོར་ན	总之	4	宝性论大疏、极广胜乘中观决定
མ་འོངས	未来	4	宝性论大疏、极广胜乘中观决定
ཡི་དྭགས	饿鬼	4	宝性论大疏、极广胜乘中观决定
མཐའ་བཞི	四边	4	宝性论大疏、极广胜乘中观决定
ཕྱི་མ	后后	4	宝性论大疏、极广胜乘中观决定
བདུན་པ	第七	4	宝性论大疏、极广胜乘中观决定
དེ་དང་དེ	彼彼	4	宝性论大疏、极广胜乘中观决定
ཆུ་ཟླ	水月	4	宝性论大疏、极广胜乘中观决定
དེ་ལས	相反	4	宝性论大疏、极广胜乘中观决定
དཔག་ཏུ་མེད་པ	无量	4	宝性论大疏、极广胜乘中观决定
མོས་སྤྱོད	胜解行	4	极广胜乘中观决定
ཇི་སྙེད	所有	4	宝性论大疏、极广胜乘中观决定
དགུ་པ	第九	4	宝性论大疏、极广胜乘中观决定
བྱང་སེམས	菩萨	4	宝性论大疏、极广胜乘中观决定
དགེ་རྩ	善根	4	宝性论大疏、极广胜乘中观决定
རྡོ་རྗེ་ལྟ་བུའི་ཏིང་ངེ་འཛིན	金刚喻定	4	宝性论大疏、极广胜乘中观决定
ཡུན་རིང	长久	4	宝性论大疏、极广胜乘中观决定
དྲང་བའི་དོན	不了义	4	宝性论大疏
སྐྱབས་འགྲོ	归依	4	宝性论大疏
ཐ་དད་པ	差别	4	宝性论大疏
སློབ་མ	弟子	4	宝性论大疏
བཞི་པོ	四者	4	宝性论大疏
ཐོག་མར	最初	4	宝性论大疏
ཐོབ་པ	获得	4	宝性论大疏
འཇིག་རྟེན་ལས་འདས་པའི་ལམ	出世间道	4	宝性论大疏
དེ་ལ་བརྟེན་ནས	由此	4	宝性论大疏
རེ་ཤིག	暂时	4	宝性论大疏
ལྟ་ཅི་སྨོས	何况	4	宝性论大疏
ཉེར་ལེན་གྱི་རྒྱུ	近取因	4	宝性论大疏
བྱང་ཆུབ་སེམས་དཔའི་ས	菩萨地	4	宝性论大疏
ཚད་མེད	无量	4	宝性论大疏
རིགས་པ	正理	4	宝性论大疏｜人工校正
མི་འགལ་བ	不相违	4	宝性论大疏
ཕྲ་རགས	粗细	4	宝性论大疏
དགེ་བའི་ཆོས	善法	4	宝性论大疏
ལྟ་བ	见／见解（中性，如 དབུ་མའི་ལྟ་བ「中观见」）｜邪见（仅限 ལོག་ལྟ 等贬义复合）	4	宝性论大疏｜人工校正｜多义
བརྩེ་བ	悲悯	4	宝性论大疏
བྱ་བ	所谓	4	宝性论大疏
ཤེས་རབ	自相	4	宝性论大疏
ལོག་རྟོག	邪分别	4	宝性论大疏
དམ་བཅའ	立宗	4	宝性论大疏
འཕགས་པ	声闻圣者	4	宝性论大疏
འཇིག་རྟེན་ལས་འདས	圣者	4	宝性论大疏
ཐུན་མོང་མ་ཡིན་པ	不共	4	宝性论大疏
ཅིག་ཅར	同时	4	宝性论大疏
ཀུན་རྫོབ་བྱང་ཆུབ་ཀྱི་སེམས	世俗菩提心	4	宝性论大疏
རང་སངས་རྒྱས་ཀྱི་ཐེག་པ	独觉乘	4	宝性论大疏
བསྔོ་བ	回向	4	宝性论大疏
བསྟན་བཅོས	经论	4	宝性论大疏
ལུང་གི་ཆོས	教法	4	宝性论大疏
འདི་ལྟ་སྟེ	如是	4	宝性论大疏
སྤྱོད་པ	行／行持（事业=ཕྲིན་ལས/མཛད་པ）	4	宝性论大疏｜人工校正
གཤེགས་པ	如来	4	宝性论大疏
ལྡན་པ	相应	4	宝性论大疏
གང་དག	诸凡	4	宝性论大疏
ནམ་མཁའ་མཛོད	虚空藏	4	宝性论大疏
སྣོད་ཀྱི་འཇིག་རྟེན	器世间	4	宝性论大疏
སྨིན་པ	成熟	4	宝性论大疏
ཁྱད་པར་ཅན	殊胜	4	宝性论大疏
ཤེས་པ	知晓	4	宝性论大疏
གསེར་གྱི་གཟུགས	金像	4	宝性论大疏
ཟག་པ་ཟད་པ	漏尽	4	宝性论大疏
འཇིག་པའི་ཆོས	坏法	4	宝性论大疏
ཇི་ལྟར	如同	4	宝性论大疏
རང་གི་ངང	自然	4	宝性论大疏
འདོད་ཁམས	欲界	4	宝性论大疏
བྱང་ཆུབ་མཆོག	大菩提	4	宝性论大疏
རྫོགས་སོ	圆满	4	宝性论大疏
ཡབ་སྲས	父子	4	宝性论大疏
ཁྱབ་བདག	遍主	4	宝性论大疏
བག་མེད	放逸	4	宝性论大疏
ཕན་གནོད	损益	4	宝性论大疏
ཕྱག་འཚལ	敬礼	3	宝性论大疏、极广胜乘中观决定
ཚུལ་ཁྲིམས	戒律	3	宝性论大疏、极广胜乘中观决定
ང་རྒྱལ	我慢	3	宝性论大疏、极广胜乘中观决定
ཀླུ་སྒྲུབ	龙树	3	极广胜乘中观决定
ཤིང་རྟ	大车	3	宝性论大疏、极广胜乘中观决定
སྒྲིབ་པ	障蔽	3	宝性论大疏、极广胜乘中观决定
རྟག་ཆད	常断	3	极广胜乘中观决定
བདག་གཞན	自他	3	宝性论大疏、极广胜乘中观决定
ཆོས་ཁམས	法界	3	宝性论大疏、极广胜乘中观决定
འདོད་ཆགས	贪欲	3	宝性论大疏、极广胜乘中观决定
འགྱུར་བ	变化·变异·无常·成为（一般语境）｜能变·转变（pariṇāma·唯识三能变语境）·随语境	3	宝性论大疏、极广胜乘中观决定｜他空品四校订本｜人工校正｜多义
རྗོད་བྱེད	能诠	3	宝性论大疏、极广胜乘中观决定
མང་པོ	众多	3	宝性论大疏、极广胜乘中观决定
ཐུན་མོང	共通	3	极广胜乘中观决定
མདོར་བསྡུས	略摄	3	宝性论大疏、极广胜乘中观决定
ཟག་མེད	无漏	3	宝性论大疏、极广胜乘中观决定
ཡིད་ཀྱི་ལུས	意生身	3	极广胜乘中观决定
ཤེས་པ	智慧	3	极广胜乘中观决定
རིན་ཆེན	珍宝	3	宝性论大疏、极广胜乘中观决定
སྒྱུ་མ	如幻者	3	极广胜乘中观决定
ཆ་ཤས	支分	3	极广胜乘中观决定
ནད་མེད	无病	3	宝性论大疏、极广胜乘中观决定
དེ་ལྟར	如此	3	极广胜乘中观决定
ཉོན་ཡིད	染污意	3	极广胜乘中观决定
ལུས་སེམས	身心	3	宝性论大疏、极广胜乘中观决定
ཕན་ཚུན	互相	3	极广胜乘中观决定
མཚན་མེད	无相	3	极广胜乘中观决定
གཉིས་པོ	二者	3	宝性论大疏、极广胜乘中观决定
དེ་ཉིད	本身	3	宝性论大疏、极广胜乘中观决定
བདེ་སྡུག	苦乐	3	宝性论大疏、极广胜乘中观决定
བསྐྱེད་བྱ	所生	3	宝性论大疏、极广胜乘中观决定
ཐར་བ	解脱	3	极广胜乘中观决定
རྨོངས་པ	愚痴	3	宝性论大疏、极广胜乘中观决定
ཀུན་འགྲོ	遍行	3	极广胜乘中观决定
བྱ་བ	作用	3	宝性论大疏、极广胜乘中观决定
རེས་འགའ	一类	3	宝性论大疏、极广胜乘中观决定
ལྟ་བ	观察	3	宝性论大疏、极广胜乘中观决定
ཡོ་བྱད	资具	3	宝性论大疏、极广胜乘中观决定
བཤེས་གཉེན	善知识	3	宝性论大疏、极广胜乘中观决定
ཆོས་ཀྱི་བདག་འཛིན	法我执	3	宝性论大疏、极广胜乘中观决定
ཚོགས་པ	聚合	3	宝性论大疏、极广胜乘中观决定
འདས་པ	过去	3	宝性论大疏、极广胜乘中观决定
དགག་བྱ	所遮	3	宝性论大疏、极广胜乘中观决定
ཡང་དག་ཀུན་རྫོབ	正世俗	3	宝性论大疏、极广胜乘中观决定
མིག་ཡོར	障眼	3	极广胜乘中观决定
བརྟན་པོ	坚固	3	宝性论大疏、极广胜乘中观决定
རིགས་གཉིས	二种	3	宝性论大疏、极广胜乘中观决定
སྡིག་གྲོགས	恶友	3	宝性论大疏、极广胜乘中观决定
དེ་ནས	此后	3	极广胜乘中观决定
རྒྱལ་སྲས	佛子	3	宝性论大疏、极广胜乘中观决定
འདྲ་བ	相同	3	宝性论大疏、极广胜乘中观决定
སྤྱོད་ལམ	威仪	3	宝性论大疏、极广胜乘中观决定
ལྷག་མེད	无余	3	宝性论大疏、极广胜乘中观决定
ལུང་སྟོན	授记	3	宝性论大疏、极广胜乘中观决定
རྫོགས་པ	成就	3	宝性论大疏、极广胜乘中观决定
མཆོད་པ	供养	3	宝性论大疏、极广胜乘中观决定
སྤྲུལ་པ	化身	3	宝性论大疏、极广胜乘中观决定
འཇིག་པ	坏灭	3	宝性论大疏、极广胜乘中观决定
ཚངས་པ	清净／纯净（形容或动词，如 གཙང་དག 净化）｜梵·梵天（名词，五乘之梵乘 ཚངས་པའི་ཐེག་པ、色界梵天 Brahma）	3	宝性论大疏、极广胜乘中观决定｜人工校正｜多义
བརྩོན་པ	精进	3	宝性论大疏、极广胜乘中观决定
བདག་ཅག	我等	3	宝性论大疏、极广胜乘中观决定
བློ་གྲོས	智慧	3	宝性论大疏
ཕྱི་རབས	后代	3	宝性论大疏
ད་ལྟར	现在	3	宝性论大疏
དོན་དམ་པའི་ཆོས	胜义法	3	宝性论大疏
ཡང་དག་པའི་ལྟ་བ	正见	3	宝性论大疏
ཐོས་པའི་ཤེས་རབ	闻慧	3	宝性论大疏
སྐྱེ་བ	出生	3	宝性论大疏
ཕ་རོལ་ཏུ་ཕྱིན་པ	究竟	3	宝性论大疏
མ་འོངས་པ	未来	3	宝性论大疏
འདུས་པ	集会	3	宝性论大疏
སྟོང་གསུམ	世界	3	宝性论大疏
གླིང་བཞི	四洲	3	宝性论大疏
འོད་ཟེར	放光	3	宝性论大疏
རྣམ་པར་ཐར་པའི་སྒོ	解脱门	3	宝性论大疏
མཁྱེན་པ	了知／照知（动词·佛圣之"知"，如 ཡེ་ཤེས་ཀྱིས་མཁྱེན་པ 以佛智知）｜智（作名词时）｜勿一律作"智慧"	3	他空中观品三自证一切相校订本｜人工校正｜多义
གདོད་མ་ནས	本来	3	宝性论大疏
ཆེན་པོ	大	3	宝性论大疏｜人工校正
རྒྱུ་མཚན་ཡང་དག	正因	3	宝性论大疏
ཆགས་པ	贪着	3	宝性论大疏
དམན་པ	下劣	3	宝性论大疏
ཆེད་དུ་བྱ་བ	专为	3	宝性论大疏
ཆོ་འཕྲུལ	神变	3	宝性论大疏
ཕྲ་བ	微细	3	宝性论大疏
དམུས་ལོང	生盲	3	宝性论大疏
འཆད་པ	解说	3	宝性论大疏
ཇི་སྐད	所谓	3	宝性论大疏
སྐྱེ་བ་མེད་པ	无生	3	宝性论大疏
མན་ཆད་དུ	以下	3	宝性论大疏
གང་ཡང	随一	3	宝性论大疏
སྤངས་རྟོགས	断证（断·证二分；如 སྤངས་རྟོགས་མཐར་ཐུག「断证究竟」；勿与 ཡོན་ཏན 功德混同）	3	他空中观品三觉义一切相校订本｜人工校正
འདོད་ཆགས་དང་བྲལ་བ	离贪	3	宝性论大疏
བརྗོད་པ	诠说	3	宝性论大疏
སྡུག་པ	可爱	3	宝性论大疏
གང་ཟག་གི་བདག་འཛིན	补特伽罗我执	3	宝性论大疏
ཅིག་ཤོས	反面	3	宝性论大疏
འོག་མ	差别	3	宝性论大疏
ཇི་སྙེད་ཡོད་པ	尽所有	3	宝性论大疏
ཐམས་ཅད	所有	3	宝性论大疏
རྫུ་འཕྲུལ	神变	3	宝性论大疏
སྐྱབས་གསུམ	三宝	3	宝性论大疏
ལྷ་མ་ཡིན	非天	3	宝性论大疏
ཁྱབ་པ་འདུ་བྱེད་ཀྱི་སྡུག་བསྔལ	遍行苦	3	宝性论大疏
སྐྱབས་གསུམ	三归依	3	宝性论大疏
ལྷག་མེད་མྱང་འདས	无余涅槃	3	宝性论大疏
ཉན་ཐོས་ཀྱི་ལམ	声闻道	3	宝性论大疏
མི་གནས་པ	不住	3	宝性论大疏
བླ་ན་མེད་པ	无上正等菩提	3	宝性论大疏
ཟག་པ	染污	3	宝性论大疏
སངས་རྒྱས་པ	成佛	3	宝性论大疏
འདོད་པ	欲／欲求（欲界=འདོད་ཁམས）	3	宝性论大疏｜人工校正
དགེ་བའི་བཤེས་གཉེན	善知识	3	宝性论大疏
དག་པ་གཉིས་ལྡན	具二清净（自性清净＋离垢清净二者具足；rnam dag gnyis ldan，勿误作「所知」）	3	他空中观品三界义校订本｜人工校正
རྣམ་མཁྱེན	遍智	3	宝性论大疏
ངེས་དོན་གྱི་མདོ་སྡེ	了义经	3	宝性论大疏
ཅེ་ན	若谓	3	宝性论大疏
མི་འགྱུར་བ	虚空	3	宝性论大疏
གཞན་དུ་ན	否则	3	宝性论大疏
ཐེག་ཆེན་སེམས་བསྐྱེད	大乘发心	3	宝性论大疏
འདུན་པ	希求	3	宝性论大疏
མདོ་སྡེ་རྒྱན	经庄严论	3	宝性论大疏
འཕེལ་བ	增长	3	宝性论大疏
གོ་འཕང	佛位	3	宝性论大疏
འཚང་རྒྱ་ངེས	定成佛	3	宝性论大疏
ཐ་དད་པ	不同	3	宝性论大疏
རོ་གཅིག	一味	3	宝性论大疏
འདུས་མ་བྱས	如虚空	3	宝性论大疏
མེ་གསུམ	三火	3	宝性论大疏
ཆུའི་དཀྱིལ་འཁོར	水轮	3	宝性论大疏
སྙོམས་པར་ཞུགས་པ	入定	3	宝性论大疏
རྟོགས་པའི་ཡོན་ཏན	证功德	3	宝性论大疏
ཚང་བ	圆满	3	宝性论大疏
སྦྱིན་པ	布施	3	宝性论大疏
སྦུན་པ	糠秕	3	宝性论大疏
བདེ་བ	之中	3	宝性论大疏
ཀུན་མཁྱེན	遍智	3	宝性论大疏
ས་འོག	地下	3	宝性论大疏
རྣམ་གྲོལ་ལམ	解脱道	3	宝性论大疏
བདག་ཉིད་ཆེན་པོ	大主宰	3	宝性论大疏
རྒྱུ་མཐུན་གྱི་འབྲས་བུ	等流果	3	宝性论大疏
དེས་ན	是故	3	宝性论大疏
འཁོར་འདས	生死涅槃	3	宝性论大疏
ལག་རྗེས	成就	3	宝性论大疏
ཉི་མ	日光	3	宝性论大疏
སྒྲ་གཅན	罗睺	3	宝性论大疏
རྣལ་འབྱོར་བ	瑜伽师	3	宝性论大疏
མཐར་ཕྱིན་པའི་བྱང་ཆུབ་སེམས་དཔའ	究竟菩萨	3	宝性论大疏
བླ་མ	师长	3	宝性论大疏
འཇིག་རྟེན་པ	世人	3	宝性论大疏
བརྒྱ་བྱིན	天王	3	宝性论大疏
ལྷའི་དབང་པོ	天王	3	宝性论大疏
སྐལ་ལྡན	有缘	3	宝性论大疏
གཞི་གསུམ	三事	3	宝性论大疏
གྲུབ་མཐའ	宗派	3	宝性论大疏
གང་ཞིག	凡彼	2	宝性论大疏、极广胜乘中观决定
ཕྲིན་ལས	事业	2	宝性论大疏、极广胜乘中观决定
གྲུབ་མཐའ	悉檀	2	极广胜乘中观决定
སྤངས་པ	断除	2	宝性论大疏、极广胜乘中观决定
འདའ་བ	出离超越	2	宝性论大疏、极广胜乘中观决定｜人工校正
སངས་རྒྱས	佛陀	2	宝性论大疏、极广胜乘中观决定
གཡོ་སྒྱུ	谄诳	2	宝性论大疏、极广胜乘中观决定
གནས་སྐབས	阶段	2	极广胜乘中观决定
ཞི་ལྷག	止观	2	极广胜乘中观决定
སྤྱི་ལྡོག	总别	2	极广胜乘中观决定
ཡིད་ཀྱི་སྐྱེ་མཆེད	意处	2	极广胜乘中观决定
འབྱུང་བ	大种	2	极广胜乘中观决定
ཁྲ་བོ	杂色	2	极广胜乘中观决定
སྣ་ཚོགས	多种	2	极广胜乘中观决定
དངོས་པོ	本身	2	极广胜乘中观决定
བྱིས་པ	凡夫	2	极广胜乘中观决定
ཐེག་དམན	小乘	2	宝性论大疏、极广胜乘中观决定
གཅིག་ཉིད	唯一	2	极广胜乘中观决定
ཕལ་ཆེར	大多数	2	极广胜乘中观决定
སྡུག་བསྔལ་བདེན་པ	苦谛	2	极广胜乘中观决定
གཟུགས་མེད་ཁམས	无色界	2	极广胜乘中观决定
འདོད་ཡོན	妙欲	2	极广胜乘中观决定
སེམས་བྱུང	心所	2	宝性论大疏、极广胜乘中观决定
སྡུག་བསྔལ་གྱི་སྡུག་བསྔལ	苦苦	2	极广胜乘中观决定
འཕགས་པའི་བདེན་པ	圣谛	2	宝性论大疏、极广胜乘中观决定
ཟུང་འཇུག	双运	2	宝性论大疏、极广胜乘中观决定
རྣམ་པ	方式	2	极广胜乘中观决定
གོམས་པ	修习	2	宝性论大疏、极广胜乘中观决定
རེ་རེ	各个	2	极广胜乘中观决定
ཚེ་རིང	长寿	2	宝性论大疏、极广胜乘中观决定
རྣམ་ཤེས་ཚོགས་བརྒྱད	八识	2	极广胜乘中观决定
ཡིན་མོད	虽是	2	宝性论大疏、极广胜乘中观决定
ཀུན་གཞིའི་རྣམ་ཤེས	阿赖耶识	2	极广胜乘中观决定
ཤེས་པ	根识	2	宝性论大疏、极广胜乘中观决定
བྱེད་པོ	大梵	2	极广胜乘中观决定
དེ་འོག	其后	2	极广胜乘中观决定
རེས་འགའ	有时	2	极广胜乘中观决定
དུས་གཅིག	一时	2	宝性论大疏、极广胜乘中观决定
སྔ་ཕྱི	先后	2	宝性论大疏、极广胜乘中观决定
ནུས་མེད	无能	2	极广胜乘中观决定
བདག་འཛིན	我执	2	宝性论大疏、极广胜乘中观决定
གསར་རྙིང	新旧	2	极广胜乘中观决定
དགེ་ཆོས	善法	2	极广胜乘中观决定
སྣང་བརྙན	影像	2	极广胜乘中观决定
དངོས་པོ	事物	2	宝性论大疏、极广胜乘中观决定
བཅུ་གཅིག	十一	2	宝性论大疏、极广胜乘中观决定
ཡོངས་གྲུབ	圆成实	2	极广胜乘中观决定｜人工校正
རྣམ་གཡེང	散乱	2	宝性论大疏、极广胜乘中观决定
དབང་པོ་ལྔ	五根	2	极广胜乘中观决定
མཐོ་རིས	善趣	2	宝性论大疏、极广胜乘中观决定
དྭངས་པ	澄净	2	极广胜乘中观决定
གཟུགས་བརྙན	相同	2	宝性论大疏、极广胜乘中观决定
དེ་དག	彼二	2	宝性论大疏、极广胜乘中观决定
རིག་པ	证知／觉知（自证·心识语境，"能知"义，如 རང་རིག 自证）｜明觉／觉性（心性·如来藏语境，如 རིག་པའི་དོན 觉义）｜勿一律作"智慧"，智慧用 ཡེ་ཤེས	2	他空中观品三自证一切相校订本｜人工校正｜多义
འོན་ཀྱང	然而	2	宝性论大疏、极广胜乘中观决定
གཞན་དབང་གཉིས	依他起	2	极广胜乘中观决定
མཐུ་སྟོབས	威德	2	极广胜乘中观决定
རྟག་པ	常法	2	极广胜乘中观决定
ངོ་བོ་ཉིད	本性	2	宝性论大疏、极广胜乘中观决定
ལྷན་ཅིག	共同	2	极广胜乘中观决定
བྱེད་པ	能作	2	宝性论大疏、极广胜乘中观决定
དེ་མ་ཐག་རྐྱེན	无间缘	2	宝性论大疏、极广胜乘中观决定
དམིགས་རྐྱེན	所缘缘	2	宝性论大疏、极广胜乘中观决定
ཇི་ལྟར	何故	2	极广胜乘中观决定
ཕྱིན་ཅི་ལོག་པ	颠倒	2	宝性论大疏、极广胜乘中观决定
ཕུང་པོ་ལྔ	五蕴	2	极广胜乘中观决定
མཆོད་སྦྱིན	供施	2	宝性论大疏、极广胜乘中观决定
དུད་འགྲོ	旁生	2	宝性论大疏、极广胜乘中观决定
རྡུལ་ཕྲན	微尘	2	宝性论大疏、极广胜乘中观决定
རྗེས་དཔག	比量	2	极广胜乘中观决定
ངེས་པ	真实	2	宝性论大疏、极广胜乘中观决定
ལྟ་སྤྱོད	见行	2	宝性论大疏、极广胜乘中观决定
རྒྱལ་སྲས	菩萨	2	宝性论大疏、极广胜乘中观决定
སྨིག་རྒྱུ	阳焰	2	极广胜乘中观决定
ཡང་དག་མཐའ	法界	2	极广胜乘中观决定
ལྷག་མ	其余	2	极广胜乘中观决定
རྒྱུ་གསུམ	三因	2	宝性论大疏、极广胜乘中观决定
ཞི་གནས	寂止	2	极广胜乘中观决定
ལྷག་མཐོང	胜观	2	宝性论大疏、极广胜乘中观决定
བརྟུལ་ཞུགས	禁行	2	宝性论大疏、极广胜乘中观决定
ཤེས་བཞིན	正知	2	极广胜乘中观决定
བག་ཡོད	不放逸	2	宝性论大疏、极广胜乘中观决定
དེ་ནས	其次	2	宝性论大疏、极广胜乘中观决定
བསྙེན་བཀུར	承事	2	宝性论大疏、极广胜乘中观决定
ལས་རུང	堪能	2	宝性论大疏、极广胜乘中观决定
གདམས་ངག	教诫	2	宝性论大疏、极广胜乘中观决定
སྙོམས་འཇུག	等至	2	极广胜乘中观决定
འཇིགས་པ་ལྔ	五怖畏	2	宝性论大疏、极广胜乘中观决定
དབང་བཅུ	智自在	2	宝性论大疏、极广胜乘中观决定
རང་རྒྱལ	独觉	2	极广胜乘中观决定
རྣམ་པ	种类	2	宝性论大疏、极广胜乘中观决定
རྗེས་སུ་མཐུན་པ	随顺	2	宝性论大疏、极广胜乘中观决定
དབང་རྣོན	利根	2	宝性论大疏、极广胜乘中观决定
ཡེ་ཤེས་ལྔ	五智	2	极广胜乘中观决定
མཛད་འཕྲིན	事业	2	极广胜乘中观决定
ཡིན་ཡང	虽是	2	宝性论大疏、极广胜乘中观决定
རྒྱལ་ཚབ	补处	2	宝性论大疏
ཐུབ་པའི་དབང་པོ	能仁王	2	宝性论大疏
ཕྱི་མ	后世	2	宝性论大疏
དཀའ་བ	难得	2	宝性论大疏
ཉམས་སུ་ལེན་པ	修习	2	宝性论大疏
རྒྱ་མཚོ	广大	2	宝性论大疏
གསང་བ	密处	2	宝性论大疏
རང་ཉིད	本人	2	宝性论大疏
བླ་མ	喇嘛	2	宝性论大疏
དཀོན་མཆོག	佛宝	2	宝性论大疏
བསྙེན་བཀུར	亲近承事	2	宝性论大疏
དེ་ལྟར	依此	2	宝性论大疏
དད་པ	信心	2	宝性论大疏
གཞལ་ཡས་ཁང	无量宫	2	宝性论大疏
དབྱེར་མེད་པ	无差别	2	宝性论大疏
ཚིགས་བཅད་གཅིག	一颂	2	宝性论大疏
ཉེ་བའི་རྒྱུ	近因	2	宝性论大疏
དེ་ཡང	其次	2	宝性论大疏
ཆོས་ཀྱི་རྣམ་གྲངས	异门	2	宝性论大疏｜人工校正
སྒྲིབ་པ	障碍	2	宝性论大疏
འཕྲུལ་བ	变化	2	宝性论大疏
བར་སྣང	虚空	2	宝性论大疏
དོ་ཤལ	璎珞	2	宝性论大疏
ཡིད་དུ་འོང་བ	悦意	2	宝性论大疏
སྨིན་མཚམས	眉间	2	宝性论大疏
བྱིན་གྱིས་བརླབས་པ	加持	2	宝性论大疏
འདི་སྐད	如是	2	宝性论大疏
ངོ་བོ	行相	2	宝性论大疏
དབུ་མ་པ	中观师	2	宝性论大疏
འདུལ་བ	毗奈耶	2	宝性论大疏
རང་རྐྱ	独立	2	宝性论大疏
སྨིན་བྱེད	能熟	2	宝性论大疏
རྣམ་ཐར	解脱	2	宝性论大疏
འཁོར་གསུམ	所作	2	宝性论大疏
འདོར་བ	舍弃	2	宝性论大疏
ཕྱིན་ཅི་ལོག་བཞི	四颠倒	2	宝性论大疏
དུལ་བ	调柔	2	宝性论大疏
དག་པ	无垢	2	宝性论大疏
དོན་གཉིས	自利	2	宝性论大疏
ཐུགས་རྗེ	悲悯	2	宝性论大疏
མིང་གཟུགས	名色	2	宝性论大疏
དག་པ་ཉིད	清净	2	宝性论大疏
རྩོལ་བ	无功	2	宝性论大疏
མངའ་བ	所有	2	宝性论大疏
འདུས་མ་བྱས	无为法	2	宝性论大疏
ངོ་མཚར	稀有	2	宝性论大疏
བཤད་པ	解说	2	宝性论大疏
མཐར་ལྟ	边执见	2	宝性论大疏
འཇིག་ལྟ	坏聚见	2	宝性论大疏
ཉིང་མཚམས་སྦྱོར་བ	结生	2	宝性论大疏
རང་བཞིན་གྱིས་མ་གྲུབ་པ	无自性	2	宝性论大疏
རྟོགས་པ	觉悟	2	宝性论大疏
སངས་རྒྱས་ཀྱི་སྤྱན	佛眼	2	宝性论大疏
རྒུད་པ	衰损	2	宝性论大疏
བདེན་གྲུབ	自性有	2	宝性论大疏
གཞི་མེད	无根	2	宝性论大疏
གསལ་བ	光明	2	宝性论大疏
གཉིས་སུ་མེད་པ	无二	2	宝性论大疏
གཉིས་སུ་མེད	无二	2	宝性论大疏
ཡུལ་འཛིན	取境	2	宝性论大疏
བསོད་ནམས་མ་ཡིན་པ	非福	2	宝性论大疏
རྒྱས་འབྲིང་བསྡུས་གསུམ	般若经	2	宝性论大疏
ངེས་དོན	胜义谛	2	宝性论大疏
དོན་གྱི་མདོ	要义	2	宝性论大疏
ལྷ་མོ	天女	2	宝性论大疏
སྐད་ཅིག་མ	一刹那	2	宝性论大疏
བྱང་ཆུབ	圆满	2	宝性论大疏
དྲག་ཤུལ་ཅན	郁伽长者	2	宝性论大疏
རང་ཉིད	自己	2	宝性论大疏
འཕགས་པའི་དགེ་འདུན	圣僧	2	宝性论大疏
དཀོན་མཆོག	法宝	2	宝性论大疏
དེ་ལྟ་བུ	如是	2	宝性论大疏
གཞོལ་བ	专注	2	宝性论大疏
མིང་བཏགས	假名	2	宝性论大疏
ཕྱི་རོལ་པ	外道	2	宝性论大疏
ཕྱི་མ	最后	2	宝性论大疏
སྟོན་པའི་བསྟན་པ	大师教	2	宝性论大疏
ཆོས་འཁོར	法轮	2	宝性论大疏
འབད་པ	精进	2	宝性论大疏
ཤིང་རྟ་ཆེན་པོ	大车	2	宝性论大疏
བྱེ་བྲག	分别	2	宝性论大疏
ཁྱུ་མཆོག	牛王	2	宝性论大疏
གཙོ་བོ	自性	2	宝性论大疏
སེམས་རྒྱུད	心相续	2	宝性论大疏
མཐོང་བ	亲见	2	宝性论大疏
སློབ་དཔོན	师长	2	宝性论大疏
བཤད་པ	本释	2	宝性论大疏
མིང་གི་རྣམ་གྲངས	异名	2	宝性论大疏
བྱེད་པ་པོ	作者	2	宝性论大疏
དགོངས་གཞི	用意	2	宝性论大疏
རྣམ་འགྲེལ	释量论	2	宝性论大疏
ཐ་དད་པ	分别	2	宝性论大疏
ལེགས་པར་བཤད་པ	善说	2	宝性论大疏
མངོན་སུམ	真实	2	宝性论大疏
མ་མ	乳母	2	宝性论大疏
སྙིང་བརྩེ	悲心	2	宝性论大疏
རེ་རེ་ནས	各各	2	宝性论大疏
རྒྱབ་ཀྱིས་ཕྱོགས་པ	背弃	2	宝性论大疏
མངོན་པའི་ང་རྒྱལ	增上慢	2	宝性论大疏
ཞི་ལྷག་ཟུང་འབྲེལ	止观双运	2	宝性论大疏
བྱེད་ལས	功用	2	宝性论大疏
ལོག་ཤེས	邪智	2	宝性论大疏
མངོན་གྱུར	通达	2	宝性论大疏
བདེན་པར་འཛིན་པ	实执	2	宝性论大疏
མུར་ཐུག་པ	究竟	2	宝性论大疏
རྒ་ཤི	老死	2	宝性论大疏
ཇི་སྲིད་དུ	乃至	2	宝性论大疏
སྟོང་ཆེན་པོའི་འཇིག་རྟེན་གྱི་ཁམས	三千大千世界	2	宝性论大疏
ཆད་པ	断／断灭（断边，对 རྟག་པ 常边）	2	宝性论大疏｜人工校正
ཆད་ལྟ	断见	2	宝性论大疏
རྟག་ལྟ	常见	2	宝性论大疏
རྒྱུ་མེད་རྐྱེན་མེད	无因无缘	2	宝性论大疏
རིགས་ཅན	有种性	2	宝性论大疏
དེ་སྲིད་དུ	乃至	2	宝性论大疏
སངས་རྒྱས་པ	已成佛	2	宝性论大疏
ཡིད་འབྱུང	之心	2	宝性论大疏
ནུས་པ	能力	2	宝性论大疏
ཟག་པ	不净	2	宝性论大疏
ཐ་དད་པ	各别	2	宝性论大疏
དེ་ཉིད་ཀྱི་ཕྱིར	是故	2	宝性论大疏
རླུང་གི་དཀྱིལ་འཁོར	风轮	2	宝性论大疏
སའི་དཀྱིལ་འཁོར	地轮	2	宝性论大疏
རླུང་གི་ཁམས	风界	2	宝性论大疏
བར་ཆད	中断	2	宝性论大疏
སྔ་མ་སྔ་མ	前前	2	宝性论大疏
མངོན་གྱུར	现证	2	宝性论大疏
སྣང་བ	明相	2	宝性论大疏
ཉིང་མཚམས་སྦྱོར་བ	结生相续	2	宝性论大疏
ཁྱད་པར་དུ་འཕགས་པ	殊胜	2	宝性论大疏
སླད་དུ	是故	2	宝性论大疏
མངོན་དུ་ཕྱོགས་པ	现前	2	宝性论大疏
འགོག་པའི་སྙོམས་འཇུག	灭尽定	2	宝性论大疏
སྲིད་ཞི་མཉམ་ཉིད་ཀྱི་སྦྱོར་བ	有寂平等性加行	2	宝性论大疏
མངོན་གྱུར	显现	2	宝性论大疏
བདག་འཛིན་གཉིས	二种我执	2	宝性论大疏
བཅུ་པ	第十	2	宝性论大疏
བཞེད་པ	主张／许（承许·认定；敬语动词，如 X འི་བཞེད་པ「X 所许」；勿作「自在」）	2	他空中观品三觉义一切相校订本｜人工校正
སྔོན་དུ	先前	2	宝性论大疏
འདུལ་བ	调伏	2	宝性论大疏
མཉམ་པ	同时	2	宝性论大疏
འགོད་པ	安置	2	宝性论大疏
ཕྱི་མ	边际	2	宝性论大疏
རྣམ་གྲོལ	涅槃	2	宝性论大疏
རི་མོ་མཁན	画师	2	宝性论大疏
ནུས་མཐུ	能力	2	宝性论大疏
གྲངས་མེད་པ	无数	2	宝性论大疏
ཡེ་ཤེས་ཀྱི་ཚོགས	智资粮	2	宝性论大疏
རྣམ་པར་མི་རྟོག་པ	无分别	2	宝性论大疏
དེ་དག	反之	2	宝性论大疏
ཁམས་གོང་མ	上界	2	宝性论大疏
ངོ་བོ	本性	2	宝性论大疏
དགའ་བ	欢喜	2	宝性论大疏
མཚུངས་པ	相似	2	宝性论大疏
ཉེས་སྤྱོད	恶行	2	宝性论大疏
རྒྱལ་སྲིད	国政	2	宝性论大疏
སྲོག་ཆགས	有情	2	宝性论大疏
སྐྱེ་དགུ	众生	2	宝性论大疏
ཡན་ཆད་དུ	以上	2	宝性论大疏
ཡེ་ཤེས་ཀྱི་ཚོགས	智慧资粮	2	宝性论大疏
སྤྲུལ་པའི་སྐུ	变化身	2	宝性论大疏
དངོས་ཡོད	实际	2	宝性论大疏
འཆི་བ་མེད་པ	无死	2	宝性论大疏
ཆོ་འཕྲུལ་གསུམ	三神变	2	宝性论大疏
དབང་པོ་དྲུག	六根	2	宝性论大疏
གཡོ་བ	动摇	2	宝性论大疏
ཚོགས་པ	圆满	2	宝性论大疏
བདག་རྐྱེན	增上缘	2	宝性论大疏
ཅིག་ཤོས	另一方	2	宝性论大疏
སྒྲིབ་པ་གསུམ	三障	2	宝性论大疏
བདག་ཉིད	主宰	2	宝性论大疏
ལྟར་སྣང་བ	现似	2	宝性论大疏
རྫུ་འཕྲུལ	神通	2	宝性论大疏
རོལ་པ	嬉戏	2	宝性论大疏
སྒོམ་བྱུང	修所成慧	2	宝性论大疏
བསམ་ཡས	无边	2	宝性论大疏
རྒྱུ་བ	游行	2	宝性论大疏
ཕ་རོལ	彼岸	2	宝性论大疏
གནས་མིན	非处	2	宝性论大疏
རྗེས་སུ་དྲན་པ	随念	2	宝性论大疏
མཐའ་གཅིག་ཏུ	一边	2	宝性论大疏
ངང་གིས	自然	2	宝性论大疏
སྤྲིན་མེད	无云	2	宝性论大疏
ས་སྟེང	地上	2	宝性论大疏
འདོད་ཡོན	欲尘	2	宝性论大疏
ལྷའི་གནས	天界	2	宝性论大疏
རྔ་སྒྲ	鼓声	2	宝性论大疏
དབྱར་གྱི་དུས	如夏季	2	宝性论大疏
རྨ་བྱ	孔雀	2	宝性论大疏
འགྲོ་བ	恶趣	2	宝性论大疏
ངན་འགྲོའི་སྡུག་བསྔལ	恶趣苦	2	宝性论大疏
མནར་མེད	无间	2	宝性论大疏
བྲག་ཅ	回响	2	宝性论大疏
བསམ་གཏན་བཞི	四静虑	2	宝性论大疏
བཤད་བྱ	所说	2	宝性论大疏
རྙེད་པ	利养	2	宝性论大疏
རྗེ་བཙུན	圣者	2	宝性论大疏
ཡིད་ཆེས་རྗེས་དཔག	信解比量	2	他空中观校订本｜人工校正
རྣམ་པ་ཐམས་ཅད་པ	一切相	3	他空中观校订本｜人工校正
སྙིང་པོ	藏	2	他空中观校订本｜人工校正
བདེ་གཤེགས་སྙིང་པོ	如来藏	2	他空中观校订本｜人工校正
མཚན་བརྗོད	《妙吉祥真实名经》	2	他空中观校订本｜人工校正
སྟོང་རྐྱང	单空	2	他空中观校订本｜人工校正
གདོད་མའི་ཡེ་ཤེས	本初智	2	他空中观校订本｜人工校正
གཤིས	本性	2	他空中观校订本｜人工校正
འགྱུར་བ་མེད་པ	不变	3	他空中观校订本｜人工校正
རིགས་རྒྱུན	种姓相续	2	他空中观校订本｜人工校正
ཁྱབ་པ་པོ	能遍者	4	他空中观校订本｜人工校正
ཀུན་འགྲོ	遍行	4	他空中观校订本｜人工校正
ཆ་མེད	无分	5	他空中观校订本｜人工校正
གནས་ལུགས	实相	4	他空中观校订本｜人工校正
གློ་བུར	客尘	6	他空中观校订本｜人工校正
ཟུང་འཇུག	双运	3	他空中观校订本｜人工校正
རྣམ་པ	相（如 གཟུགས་ཀྱི་རྣམ་པ「色相」；固定语 རྣམ་པ་ཐམས་ཅད་པ「一切相」）｜差别／种类（列举分类时）｜行相（因明语境）	23	宝性论大疏、极广胜乘中观决定｜人工校正｜多义
དངོས་པོ	实法／实有（存在物，如 དངོས་པོ་ཐམས་ཅད「一切实法」）｜事物（泛指）	9	宝性论大疏、极广胜乘中观决定｜人工校正｜多义
འཛིན་པ	执／执著（如 གཅིག་ཏུ་འཛིན་པ 执为一、རྟག་པར་འཛིན་པ 执常）｜我执（仅 བདག་འཛིན）｜能取（与 གཟུང་བ 所取相对时）	5	他空中观校订本｜人工校正｜多义
གྲུབ་པ	成立／不成立（中观义，与 མ་གྲུབ་པ 相对，如「于实相成立」「从本不成立」）｜成就（获得）｜成就者／圣者（名词 གྲུབ་པ）	3	他空中观校订本｜人工校正｜多义
བསྟན་པ	宣说／开示／示（动词）｜圣教／教法（名词，佛之 བསྟན་པ）	4	他空中观校订本｜人工校正｜多义
སྟོན་པ	开示／宣说／示（动词，如 ཚུལ་གྱི་སྟོན་པ 示其理）｜大师／导师（名词，指佛）	3	他空中观校订本｜人工校正｜多义
ཐ་དད	异（一异范畴，与 གཅིག 相对，如 གཅིག་དང་ཐ་དད「一与异」）｜差别／别异（抽象名词）	4	他空中观校订本｜人工校正｜多义
རྒྱལ་ཁམས	界（识/智各自所摄之境与有境范围，如 རྣམ་ཤེས་ཀྱི་རྒྱལ་ཁམས 识之界）	4	他空中观校订本｜人工校正
སྣང་གྲགས	共许（显现共许；snang grags）	2	他空中观校订本｜人工校正
རྣམ་ཤེས	识	3	他空中观校订本｜人工校正
མཚན་མ	相	2	他空中观校订本｜人工校正
རྣམ་པར་རྟོག་པ	分别	2	他空中观校订本｜人工校正
རྣལ་འབྱོར་བ	瑜伽行者	2	他空中观校订本｜人工校正
མྱང་འདས	涅槃	3	他空中观校订本｜人工校正
གཞན་གྱི་དབུ་མ	他宗中观／他派中观（གཞན་གྱི＝他者的，勿与 གཞན་སྟོང 他空相混）	2	他空中观2.3异门校订本｜人工校正
ཁྱབ་འཇུག	遍入天（Viṣṇu）	2	他空中观2.3异门校订本｜人工校正
མ་ནིང	中性（ma ning；密续语境，如 མ་ནིང་གི་གོ་འཕང「中性位」）	2	他空中观2.3异门校订本｜人工校正
དངོས་པོ་མེད་པ	非法（无实法，如虚空等无为；勿解作「不如法」）	2	他空中观品二蕴界处校订本｜人工校正
ཆོས་མངོན་པ	阿毗达磨（对法）	2	他空中观品二蕴界处校订本｜人工校正
ཐོགས་བཅས	有对（有碍）	2	他空中观品二蕴界处校订本｜人工校正
ཐོགས་པ་མེད་པ	无对（无碍；与 ཐོགས་མེད「无著」不同词）	2	他空中观品二蕴界处校订本｜人工校正
ཡང་དག་པའི་འདུ་ཤེས	真实想（想蕴三分之一，与颠倒想/清净想对；勿作「如实想」）	2	他空中观品二行蕴校订本｜人工校正
བསྒྲིབས	有覆（俱舍，nivṛta）	2	他空中观品二行蕴校订本｜人工校正
སྒྲིབ་ལུང་མ་བསྟན	有覆无记	2	他空中观品二行蕴校订本｜人工校正
མངོན་པ་མཛོད	俱舍论（Abhidharmakośa；与 ཆོས་མངོན་པ「阿毗达磨」区分）	2	他空中观品二行蕴校订本｜人工校正
རྩ་བའི་ཉོན་མོངས་པ	根本烦恼	2	他空中观品二行蕴校订本｜人工校正
སྲིད་རྩེ	有顶	2	他空中观品二行蕴校订本｜人工校正
འདུ་ཤེས་མེད་པའི་སེམས་ཅན	无想有情	2	他空中观品二行蕴校订本｜人工校正
ཡན་ལག་ཅན	具支分者（有支，与 ཡན་ལག 支分相对）	2	他空中观品二性相法校订本｜人工校正
བཏགས་ཡོད	假立有（prajñaptisat；与 ཀུན་བཏགས 遍计所执区分）	2	他空中观品二性相法校订本｜人工校正
ཀུན་བཏགས	遍计所执（ཀུན་བརྟགས 之异体拼写，parikalpita）	2	他空中观品二性相法校订本｜人工校正
བརྟེན་པ	能依（与 རྟེན 所依相对时，如 རྟེན་དང་བརྟེན་པ）｜依止／依赖（动词，如 X ལ་བརྟེན་པ）	2	他空中观品二性相法校订本｜人工校正｜多义
གཏན་ཚིགས	因／正因（因明能立，可观待互换为所立）	2	他空中观品二假立法续校订本｜人工校正
བསྒྲུབ་བྱ	所立（法）（因明，与 གཏན་ཚིགས 能立/因相对）	2	他空中观品二假立法续校订本｜人工校正
རྒྱུ་ཅན	具因者（与 རྒྱུ 因相对）	2	他空中观品二假立法续校订本｜人工校正
ཕན་བྱ	所利益／所益	2	他空中观品二假立法续校订本｜人工校正
ཕན་བྱེད	能利益／能益	2	他空中观品二假立法续校订本｜人工校正
གནོད་བྱ	所损／所害	2	他空中观品二假立法续校订本｜人工校正
གནོད་བྱེད	能损／能害	2	他空中观品二假立法续校订本｜人工校正
ལྷན་ཅིག་འགྲོགས་པ	俱生相伴	2	他空中观品二假立法续校订本｜人工校正
མཚམས་སྦྱོར	相续／连接（前后际·刹那相连）	2	他空中观品二假立法续校订本｜人工校正
སོ་སོར་བརྟགས་འགོག	择灭（pratisaṃkhyā-nirodha，别别观察而灭）	2	他空中观品二无实法与道校订本｜人工校正
བརྟགས་མིན་གྱི་འགོག་པ	非择灭（apratisaṃkhyā-nirodha，非观察之灭）	2	他空中观品二无实法与道校订本｜人工校正
དོན་སྤྱི	义共相／义总	2	他空中观品二无实法与道校订本｜人工校正
སྒྲོ་བཏགས	增益（sgro btags；虚妄增添所立）	2	他空中观品二无实法与道校订本｜人工校正
ཉེར་གཅིག	二十一（廿一基法）	2	他空中观品二无实法与道校订本｜人工校正
ཚངས་པའི་ཐེག་པ	梵乘（Brahma-yāna；五乘之一，勿作「清净乘」）	2	他空中观品二无实法与道校订本｜人工校正
དངོས་པོ་གཞན་འགྱུར་གྱི་དངོས་མེད	变体实法之无实（三无实之根本型；余二无实归摄于此）	2	他空中观品二无实法与道校订本｜人工校正
ལོངས་སྐུ	报身（受用身；ངེས་པ་ལྔ་ལྡན 具五决定）	2	他空中观品二五乘无为果校订本｜人工校正
རྫོགས་ལྡན	圆满（时）·圆满具足（末转了义示法界圆满故名；对 གསུམ་ལྡན/གཉིས་ལྡན）	2	他空中观品二五乘无为果校订本｜人工校正
རྣམ་གྲངས་པའི་འདུས་མ་བྱས	异门无为（假名无为，非真无为＝法界胜义）	2	他空中观品二五乘无为果校订本｜人工校正
རྣམ་པར་རིག་པ	了别（识）（vijñapti；如 གཟུགས་སུ་སྣང་བའི་རྣམ་རིག 现为色之了别）	2	他空中观品二五基校订本｜人工校正
སེལ་ངོ	遮遣面／遣余面（无实法·非法唯识之遮遣分，对 སྣང་ངོ 显现面）	2	他空中观品二五基校订本｜人工校正
ལྡན་མིན་འདུ་བྱེད	心不相应行（viprayukta-saṃskāra；五位之一）	2	他空中观品二五基校订本｜人工校正
གཙོ་བོ་སེམས	心王（主·心，对 སེམས་བྱུང 心所/眷属）	2	他空中观品二五基校订本｜人工校正
བྱིས་པ	凡夫／愚夫	2	他空中观校订本｜人工校正
ཀུན་འབྱུང་བདེན་པ	集谛	2	他空中观品二四谛校订本｜人工校正
སྐྱེ་བའི་སྲིད་པ	生之有（苦谛之主；由生而有死、中有等余苦）	2	他空中观品二四谛校订本｜人工校正
བར་དོའི་སྲིད་པ	中有之有	2	他空中观品二四谛校订本｜人工校正
སྲེད་པ	贪爱（集谛之主，结生相续之主因；对 ཞེ་སྡང 等）	2	他空中观品二四谛校订本｜人工校正
འདུ་བྱེད་ཀྱི་སྡུག་བསྔལ	行苦（三苦之一，与苦苦/变苦对）	2	他空中观品二四谛校订本｜人工校正
འགྱུར་བའི་སྡུག་བསྔལ	变苦（三苦之一）	2	他空中观品二四谛校订本｜人工校正
ཟག་པ་མེད་པ	无漏（对 ཟག་བཅས 有漏）	2	他空中观品二四谛校订本｜人工校正
བྱང་ཕྱོགས་སོ་བདུན	三十七菩提分（声闻共同之道谛所相）	2	他空中观品二四谛校订本｜人工校正
ཀུན་འབྱུང་ཕྲ་མོ	微细集谛（所知障·无明习气地·自在转生烦恼·无漏业，摄于清净道）	2	他空中观品二四谛校订本｜人工校正
མ་རིག་བག་ཆགས་ཀྱི་ས	无明习气地（障一切智、所知障之所依地；菩萨不能断、不自在之障）	2	他空中观品二四谛校订本｜人工校正
དབང་སྒྱུར་བའི་ཉོན་མོངས	自在转生者之烦恼（菩萨依相续示现，反成近菩提，非障解脱）	2	他空中观品二四谛校订本｜人工校正
ཡིད་ལུས	意生身（大乘菩萨极澄净之自现身，非粗大身）	2	他空中观品二四谛校订本｜人工校正
འཆི་འཕོ་བ	死迁转（意生身反复趣入/舍变化神变而示；非尽灭成无之死）	2	他空中观品二四谛校订本｜人工校正
བཤེས་སྤྲིང	《亲友书》（龙树 Suhṛllekha）	2	他空中观品二四谛校订本｜人工校正
འོག་མིན	色究竟（天）（Akaniṣṭha；色界顶）	2	他空中观品二末段校订本｜人工校正
འོག་མིན་སྟུག་པོ་བཀོད་པ	密严色究竟（天）（大色究竟密严庄严刹土；色界十七天之上第十八天·十地自在菩萨所生，≠小乘所生之色究竟）	2	他空中观品二末段校订本｜人工校正
གནས་གཙང་མ	净居天（五净居；色究竟在其上）	2	他空中观品二末段校订本｜人工校正
མཛད་པ་བཅུ་གཉིས	十二相成道（十二事业）	2	他空中观品二末段校订本｜人工校正
མཉམ་གཞག	等引（入定·根本定；对 རྗེས་ཐོབ 后得）	2	他空中观品二末段校订本｜人工校正
རྣལ་འབྱོར་སྤྱོད་པའི་ས	《瑜伽师地论》（Yogācārabhūmi）	2	他空中观品二末段校订本｜人工校正
བཻཌཱུརྱ	琉璃（vaiḍūrya）	2	他空中观品二末段校订本｜人工校正
མུ	边／门（句；catuṣkoṭi 一支，如 མུ་བཞི 四边/四门/四句）	2	他空中观品二末段校订本｜人工校正
གཡུང་དྲུང	不动（Śāśvata；卍；gyung=常·drung=坚固之合诠，即恒常坚稳；界之「常义」；勿作万字符号义）	2	他空中观品三常义周遍义校订本｜人工校正
ཁྱབ་པ	遍／周遍（能遍；界之「周遍义」，科判作「遍行义」）	2	他空中观品三常义周遍义校订本｜人工校正
རྗེས་སུ་སོང་བ	随行（周遍义：遍随一切处，如虚空随一切物）	2	他空中观品三常义周遍义校订本｜人工校正
ཀུན་ཏུ་འགྲོ་བ	遍行／周行（界周遍一切法；此为动词遍行，勿混名词「众生 འགྲོ་བ」）	2	他空中观品三常义周遍义校订本｜人工校正
མེད་དགག	无遮（med dgag，无遮遣·纯否定；对 མ་ཡིན་དགག 非遮）	2	他空中观品三觉义一切相校订本｜人工校正
ངོས་འཛིན	认定（识别·判定；如「如来藏之认定」）	2	他空中观品三觉义一切相校订本｜人工校正
རང་བཞིན་མྱང་འདས	自性涅槃（本性涅槃；法身本具·真实堪能，对 གློ་བུར་དྲི་སྤངས 客尘断除之假立涅槃）	2	他空中观品三觉义一切相校订本｜人工校正
རྒྱུད་བླ་མ	《宝性论》（Uttaratantra；弥勒论名；勿作「上续／师长」）	2	他空中观品三觉义一切相校订本｜人工校正
གོ་ཆོད	堪能／真实有效（如「堪能之涅槃」rang bzhin myang 'das）	2	他空中观品三觉义一切相校订本｜人工校正
ཆོས་མཚུངས	同法（法相似／同一法类；《宝性论大疏》定型译名，别于泛言 མཚུངས་པ「相似」）	5	他空中观品三一切相离戏不杂校订本｜人工校正
འོག་དབང་ཆེན	下·大威（《宝性论》大海喻中「黄金地基」之修饰；旧机器稿存疑(？)，今依用户定）	1	他空中观品三一切相离戏不杂校订本｜人工校正
ཡོངས་དཔྱོད	遍察（周遍审察；དཔྱོད＝审察/伺察/思择，勿与 སྤྱོད 受用混，非「领受/具有」）	2	他空中观品三双运种界龙树会通九相校订本｜人工校正
རྣམ་དཔྱད	详察（分别审察；རྣམ＝别，དཔྱད 即 དཔྱོད 之过去式，审察义）	2	他空中观品三双运种界龙树会通九相校订本｜人工校正
ཡོངས་གཅོད	遍立（周遍决定·肯定；因明「成立」义，与 རྣམ་བཅད 遮遣相对；九相摄颂中 4 相由此立）	1	他空中观品三双运种界龙树会通九相校订本｜人工校正
རྣམ་བཅད	遮遣（否定·排除；与 ཡོངས་གཅོད 遍立相对；九相摄颂中离戏/不染 2 相由此立）	1	他空中观品三双运种界龙树会通九相校订本｜人工校正
བློ་ངོར	心前｜瑜伽者心识前之显现层(blo ngor)·随顺心识安立·非实相/胜义层	6	他空中观品三校订本｜人工校正
སྐྱེ་མཆེད་དྲུག	六处	3	他空中观品三校订本｜人工校正
སྐྱེ་མེད་གནས་ལུགས	无生实相	3	他空中观品三校订本｜人工校正
ལ་ལ	有些／某些（不定代词，「有的…有的…」）｜亦作格助词「于/对」，随语境	3	他空中观品三校订本｜人工校正｜多义
གསེར་ཐུབ	拘那含佛（Kanakamuni／金寂·金仙，过去七佛之一）	3	他空中观品三校订本｜人工校正
འོད་སྲུང	迦叶（此处指迦叶佛 Kāśyapa；亦指大迦叶尊者，随语境）	3	他空中观品三校订本｜人工校正｜多义
ལྷས་བྱིན	天授（提婆达多 Devadatta）	3	他空中观品三校订本｜人工校正
རྩོད་ལྡན	具诤时（kaliyuga，印度四时之末·今时；对 རྫོགས་ལྡན/གསུམ་ལྡན/གཉིས་ལྡན）	2	他空中观品三校订本｜人工校正
གསུམ་ལྡན	三分时（tretāyuga，四时之二；四时语境。字面『具三』另义随语境）	2	他空中观品三校订本｜人工校正｜多义
གཉིས་ལྡན	二分时（dvāparayuga，四时之三；四时语境。字面『具二』另义随语境）	2	他空中观品三校订本｜人工校正｜多义
བདེན་མེད	无谛实·无真实（bden med；仅无谛实不成法性）	3	他空中观品三校订本｜人工校正
ཐེར་ཟུག	永恒·常恒	3	他空中观品三校订本｜人工校正
སྲ་བརྟན	坚固·坚实	3	他空中观品三校订本｜人工校正
ཉི་ཚེ་བ	片面·少分·局部（对『周遍』；片面之周遍）	2	他空中观品三校订本｜人工校正
རྒྱུན	相续（诸刹那之串连·有支分）｜亦作『不断·流』，随语境	4	他空中观品三校订本｜人工校正｜多义
ཀུན་གཞི་ཡེ་ཤེས	遍基智（＝胜义法界；轮涅总基故名遍基·胜义谛故名智；非阿赖耶识）	3	他空中观品三校订本｜人工校正
ཀུན་གཞི་རྣམ་ཤེས	阿赖耶识（唯识第八识；与如来藏仅『相似之相』·非智，喻如红衣外壳）	3	他空中观品三校订本｜人工校正
གདོད་མའི་གནས་ལུགས	本初实相（果非新造·唯本初实相离垢而立为果）	3	他空中观品三校订本｜人工校正
རང་བཞིན་གྱི་རིགས	自性种性·本性住种性（无觉未觉·恒具功德）	3	他空中观品三校订本｜人工校正
རང་བཞིན་གནས་རིགས	本性住种性（＝自性种性 rang bzhin gyi rigs）	2	他空中观品三校订本｜人工校正
རྒྱས་འགྱུར་རིགས	增长种性（依道次第增长·假名『觉/增长』）	3	他空中观品三校订本｜人工校正
ཕུང་པོ་ལྷག་མེད	无余（蕴涅槃 phung po lhag med）	2	他空中观品三校订本｜人工校正
གློ་བུར་མྱ་ངན་ལས་འདས	客尘涅槃·新得涅槃（缘法性修道所生·非本有）	2	他空中观品三校订本｜人工校正
གཡའ	（金之）垢·锈·矿垢（有金则伴生 g.ya'；用户裁定，非『云母』）	2	他空中观品三校订本｜人工校正
རིགས་སྤྱི	类总·种类共相（sāmānya；非实法·不成实有）	2	他空中观品四校订本｜人工校正
རྫས་སུ་གྲུབ་པ	实有·实体成立（rdzas su grub；对『假立』）	3	他空中观品四校订本｜人工校正
རྣམ་པར་སྨིན་པའི་རྣམ་ཤེས	异熟识（＝阿赖耶·第八识；三能变之一）	2	他空中观品四校订本｜人工校正
དབྱིག་གཉེན	世亲（Vasubandhu；著《唯识三十颂》）	2	他空中观品四校订本｜人工校正
ཆོས་བདག	法我（执诸法为实·作补特伽罗我执之因）	2	他空中观品四校订本｜人工校正
གྱུར་པ	能变（＝འགྱུར་བ pariṇāma；『此能变复有三种』玄奘定译）	2	他空中观品四校订本｜人工校正
སུམ་ཅུ་པ	《（唯识）三十颂》（世亲 Triṃśikā）	2	他空中观品四校订本｜人工校正
རྣམ་ཤེས་དྲུག	六识·六转识（了别境之六识）	2	他空中观品四校订本｜人工校正
རྣམ་སྨིན་གྱི་ཆ	异熟分（习气种子已成熟现果之分；非指已熟静止者，参句法§15）	3	他空中观品四校订本｜人工校正
ས་བོན་གྱི་ཆ	种子分（能生后后自果之潜功能·未熟者）	3	他空中观品四校订本｜人工校正
འཇིག་ཚོགས་ལ་ལྟ་བ	萨迦耶见·有身见（坏聚见；缘五蕴执我）	3	他空中观品四校订本｜人工校正
འཇུག་པའི་རྣམ་ཤེས	转识（现行了别之识；六转识/七转识 འཇུག་ཤེས་དྲུག/བདུན）	2	他空中观品四校订本｜人工校正
འཇུག་ཤེས	转识（＝འཇུག་པའི་རྣམ་ཤེས；现行识·对『阿赖耶』）	3	他空中观品四校订本｜人工校正
སྣོད་བཅུད	器情（器世间 སྣོད 与有情 བཅུད）	3	他空中观品四校订本｜人工校正
ཆུ་བྲན	支流·细流（喻习气汇入阿赖耶大河）	2	他空中观品四校订本｜人工校正
རྟོག་མེད	无分别	3	他空中观品四校订本｜人工校正
རྟོག་བཅས	有分别	3	他空中观品四校订本｜人工校正
གསལ་རིག	明觉·明而证知（gsal rig；阿赖耶自体·亦通指觉了）	3	他空中观品四校订本｜人工校正
ཀུན་འགྲོ་ལྔ	五遍行（触·作意·受·想·思；恒与八识相应）	2	他空中观品四校订本｜人工校正
ཡུལ་ངེས་ལྔ	五别境（各别决定其境·不与阿赖耶俱）	2	他空中观品四校订本｜人工校正
ལེན་པའི་རྣམ་རིག	执受了别·取识（阿赖耶缘种子·有根身之了别）	2	他空中观品四校订本｜人工校正
གནས་ཀྱི་རྣམ་རིག	处了别（阿赖耶缘器世间显现之了别；处＝器世间）	2	他空中观品四校订本｜人工校正
ནང་གི་ལེན་པ	内执受（种子习气·阿赖耶所摄持）	2	他空中观品四校订本｜人工校正
གནས་ཀྱི་ལེན་པ	处执受（此疏依摄论判为末那『执阿赖耶为我之依处』；处≠器世间而＝我之依处）	2	他空中观品四校订本｜人工校正
བློ་བརྟན	安慧（Sthiramati；著《唯识三十颂释》）	2	他空中观品四校订本｜人工校正
ཐེག་བསྡུས	《摄大乘论》（Mahāyānasaṃgraha 无著）	2	他空中观品四校订本｜人工校正
མ་སྒྲིབ་ལུང་མ་བསྟན	无覆无记（不障解脱·但障一切智；阿赖耶属此）	2	他空中观品四校订本｜人工校正
མེ་ལོང་ལྟ་བུའི་ཡེ་ཤེས	大圆镜智（阿赖耶转依所成）	2	他空中观品四校订本｜人工校正
གནས་གྱུར	转依（gnas gyur；识体转成智）	2	他空中观品四校订本｜人工校正
བཏང་སྙོམས	舍（受）·平等舍（非苦非乐；阿赖耶唯舍受）	2	他空中观品四校订本｜人工校正
རེག་པ	触（五遍行之一；根境识三合·令识变异之分）	2	他空中观品四校订本｜人工校正
ཕྱིར་མི་འོང	不还果（阿那含·三果；其中有『身证灭尽』位）	2	他空中观品四校订本｜人工校正
ཆོས་མངོན་པའི་མདོ	《阿毗达磨经》（大乘·无著《摄大乘论》引其二颂证阿赖耶）	2	他空中观品四校订本｜人工校正
དགོངས་འགྲེལ	《解深密经》（Saṃdhinirmocana；说阿陀那识甚深细）	2	他空中观品四校订本｜人工校正
འཛིན་གཉིས	二取（执所取 བཟུང་འཛིན·前五识；执能取 འཛིན་འཛིན·意识）	2	他空中观品四校订本｜人工校正
ས་མཚམས	界限（断位·地界；某识于何位断/存之边界）	2	他空中观品四校订本｜人工校正
སྲེད་ཞེན	贪爱执著（sred zhen）	2	他空中观品四校订本｜人工校正
ལེན་པའི་རྣམ་ཤེས	阿陀那识·执受识（ādānavijñāna；阿赖耶异名·初取身中不离终舍身）	2	他空中观品四校订本｜人工校正
འདུ་ཤེས་མེད་པའི་སྙོམས་འཇུག	无想等至（因位等至；对『无想有情』生果位）	2	他空中观品四校订本｜人工校正
ལུས་ཀྱི་མངོན་དུ་བྱས་པ	身证（灭尽；不还果依身领受灭尽定寂静）	2	他空中观品四校订本｜人工校正
ཅི་ཡང་མེད	无所有处（无色界第三·四空处之一）	2	他空中观品四校订本｜人工校正
རྣམ་སྨིན་ཀུན་གཞི	异熟遍基·异熟阿赖耶（种子成熟位之阿赖耶）	2	他空中观品四校订本｜人工校正
